as_of_utc,base,quote,rate
2023-01-03T21:00:00Z,USD,CAD,135.002280
2023-01-04T21:00:00Z,USD,CAD,135.002094
2023-01-05T21:00:00Z,USD,CAD,135.000605
2023-01-06T21:00:00Z,USD,CAD,135.000329
2023-01-07T21:00:00Z,USD,CAD,135.001165
2023-01-08T21:00:00Z,USD,CAD,135.001091
2023-01-09T21:00:00Z,USD,CAD,134.009934
2023-01-10T21:00:00Z,USD,CAD,134.009667
2023-01-11T21:00:00Z,USD,CAD,134.009501
2023-01-12T21:00:00Z,USD,CAD,134.008577
2023-01-13T21:00:00Z,USD,CAD,134.008084
2023-01-14T21:00:00Z,USD,CAD,134.008602
2023-01-15T21:00:00Z,USD,CAD,134.008370
2023-01-16T21:00:00Z,USD,CAD,134.008142
2023-01-17T21:00:00Z,USD,CAD,134.008336
2023-01-18T21:00:00Z,USD,CAD,134.009868
2023-01-19T21:00:00Z,USD,CAD,134.009079
2023-01-20T21:00:00Z,USD,CAD,134.009214
2023-01-21T21:00:00Z,USD,CAD,134.008840
2023-01-22T21:00:00Z,USD,CAD,134.008840
2023-01-23T21:00:00Z,USD,CAD,134.009097
2023-01-24T21:00:00Z,USD,CAD,134.009303
2023-01-25T21:00:00Z,USD,CAD,134.009455
2023-01-26T21:00:00Z,USD,CAD,134.009904
2023-01-27T21:00:00Z,USD,CAD,135.000970
2023-01-28T21:00:00Z,USD,CAD,135.001359
2023-01-29T21:00:00Z,USD,CAD,135.000846
2023-01-30T21:00:00Z,USD,CAD,135.000944
2023-01-31T21:00:00Z,USD,CAD,135.001515
2023-02-01T21:00:00Z,USD,CAD,135.000153
2023-02-02T21:00:00Z,USD,CAD,135.001154
2023-02-03T21:00:00Z,USD,CAD,135.000665
2023-02-04T21:00:00Z,USD,CAD,135.001158
2023-02-05T21:00:00Z,USD,CAD,135.001622
2023-02-06T21:00:00Z,USD,CAD,135.001263
2023-02-07T21:00:00Z,USD,CAD,135.001021
2023-02-08T21:00:00Z,USD,CAD,135.001068
2023-02-09T21:00:00Z,USD,CAD,135.001589
2023-02-10T21:00:00Z,USD,CAD,135.002257
2023-02-11T21:00:00Z,USD,CAD,135.002240
2023-02-12T21:00:00Z,USD,CAD,135.001111
2023-02-13T21:00:00Z,USD,CAD,135.001687
2023-02-14T21:00:00Z,USD,CAD,135.001031
2023-02-15T21:00:00Z,USD,CAD,135.000091
2023-02-16T21:00:00Z,USD,CAD,135.000377
2023-02-17T21:00:00Z,USD,CAD,134.009820
2023-02-18T21:00:00Z,USD,CAD,134.008180
2023-02-19T21:00:00Z,USD,CAD,134.008852
2023-02-20T21:00:00Z,USD,CAD,134.007644
2023-02-21T21:00:00Z,USD,CAD,134.006684
2023-02-22T21:00:00Z,USD,CAD,134.005793
2023-02-23T21:00:00Z,USD,CAD,134.005828
2023-02-24T21:00:00Z,USD,CAD,134.005888
2023-02-25T21:00:00Z,USD,CAD,134.006642
2023-02-26T21:00:00Z,USD,CAD,134.005823
2023-02-27T21:00:00Z,USD,CAD,134.005479
2023-02-28T21:00:00Z,USD,CAD,134.006339
2023-03-01T21:00:00Z,USD,CAD,134.007044
2023-03-02T21:00:00Z,USD,CAD,134.008019
2023-03-03T21:00:00Z,USD,CAD,134.007048
2023-03-04T21:00:00Z,USD,CAD,134.008080
2023-03-05T21:00:00Z,USD,CAD,134.006620
2023-03-06T21:00:00Z,USD,CAD,134.006469
2023-03-07T21:00:00Z,USD,CAD,134.006547
2023-03-08T21:00:00Z,USD,CAD,134.006285
2023-03-09T21:00:00Z,USD,CAD,134.006862
2023-03-10T21:00:00Z,USD,CAD,134.007494
2023-03-11T21:00:00Z,USD,CAD,134.006499
2023-03-12T21:00:00Z,USD,CAD,134.006147
2023-03-13T21:00:00Z,USD,CAD,134.006644
2023-03-14T21:00:00Z,USD,CAD,134.006269
2023-03-15T21:00:00Z,USD,CAD,134.005244
2023-03-16T21:00:00Z,USD,CAD,134.005360
2023-03-17T21:00:00Z,USD,CAD,134.004459
2023-03-18T21:00:00Z,USD,CAD,134.004244
2023-03-19T21:00:00Z,USD,CAD,134.003708
2023-03-20T21:00:00Z,USD,CAD,134.004408
2023-03-21T21:00:00Z,USD,CAD,134.003680
2023-03-22T21:00:00Z,USD,CAD,134.003751
2023-03-23T21:00:00Z,USD,CAD,134.003919
2023-03-24T21:00:00Z,USD,CAD,134.005316
2023-03-25T21:00:00Z,USD,CAD,134.004400
2023-03-26T21:00:00Z,USD,CAD,134.003415
2023-03-27T21:00:00Z,USD,CAD,134.002079
2023-03-28T21:00:00Z,USD,CAD,134.001498
2023-03-29T21:00:00Z,USD,CAD,134.001402
2023-03-30T21:00:00Z,USD,CAD,134.000959
2023-03-31T21:00:00Z,USD,CAD,134.001075
2023-04-01T21:00:00Z,USD,CAD,134.001654
2023-04-02T21:00:00Z,USD,CAD,133.009887
2023-04-03T21:00:00Z,USD,CAD,134.001233
2023-04-04T21:00:00Z,USD,CAD,134.000066
2023-04-05T21:00:00Z,USD,CAD,134.000212
2023-04-06T21:00:00Z,USD,CAD,134.000302
2023-04-07T21:00:00Z,USD,CAD,133.009273
2023-04-08T21:00:00Z,USD,CAD,133.007806
2023-04-09T21:00:00Z,USD,CAD,133.008233
2023-04-10T21:00:00Z,USD,CAD,133.007282
2023-04-11T21:00:00Z,USD,CAD,133.006557
2023-04-12T21:00:00Z,USD,CAD,133.005749
2023-04-13T21:00:00Z,USD,CAD,133.005843
2023-04-14T21:00:00Z,USD,CAD,133.006159
2023-04-15T21:00:00Z,USD,CAD,133.006852
2023-04-16T21:00:00Z,USD,CAD,133.007122
2023-04-17T21:00:00Z,USD,CAD,133.007951
2023-04-18T21:00:00Z,USD,CAD,133.007206
2023-04-19T21:00:00Z,USD,CAD,133.007296
2023-04-20T21:00:00Z,USD,CAD,133.008398
2023-04-21T21:00:00Z,USD,CAD,133.009433
2023-04-22T21:00:00Z,USD,CAD,134.000032
2023-04-23T21:00:00Z,USD,CAD,133.008879
2023-04-24T21:00:00Z,USD,CAD,133.009642
2023-04-25T21:00:00Z,USD,CAD,133.009466
2023-04-26T21:00:00Z,USD,CAD,133.008603
2023-04-27T21:00:00Z,USD,CAD,133.009110
2023-04-28T21:00:00Z,USD,CAD,133.009496
2023-04-29T21:00:00Z,USD,CAD,133.008229
2023-04-30T21:00:00Z,USD,CAD,133.008286
2023-05-01T21:00:00Z,USD,CAD,133.009227
2023-05-02T21:00:00Z,USD,CAD,133.008617
2023-05-03T21:00:00Z,USD,CAD,133.008138
2023-05-04T21:00:00Z,USD,CAD,133.007489
2023-05-05T21:00:00Z,USD,CAD,133.007087
2023-05-06T21:00:00Z,USD,CAD,133.006565
2023-05-07T21:00:00Z,USD,CAD,133.006192
2023-05-08T21:00:00Z,USD,CAD,133.005161
2023-05-09T21:00:00Z,USD,CAD,133.004686
2023-05-10T21:00:00Z,USD,CAD,133.003706
2023-05-11T21:00:00Z,USD,CAD,133.003421
2023-05-12T21:00:00Z,USD,CAD,133.001900
2023-05-13T21:00:00Z,USD,CAD,133.002176
2023-05-14T21:00:00Z,USD,CAD,133.002878
2023-05-15T21:00:00Z,USD,CAD,133.003645
2023-05-16T21:00:00Z,USD,CAD,133.004631
2023-05-17T21:00:00Z,USD,CAD,133.006030
2023-05-18T21:00:00Z,USD,CAD,133.006687
2023-05-19T21:00:00Z,USD,CAD,133.006643
2023-05-20T21:00:00Z,USD,CAD,133.007262
2023-05-21T21:00:00Z,USD,CAD,133.007017
2023-05-22T21:00:00Z,USD,CAD,133.007516
2023-05-23T21:00:00Z,USD,CAD,133.006494
2023-05-24T21:00:00Z,USD,CAD,133.006585
2023-05-25T21:00:00Z,USD,CAD,133.007157
2023-05-26T21:00:00Z,USD,CAD,133.006805
2023-05-27T21:00:00Z,USD,CAD,133.007702
2023-05-28T21:00:00Z,USD,CAD,133.008238
2023-05-29T21:00:00Z,USD,CAD,133.009572
2023-05-30T21:00:00Z,USD,CAD,133.009649
2023-05-31T21:00:00Z,USD,CAD,134.000686
2023-06-01T21:00:00Z,USD,CAD,134.000690
2023-06-02T21:00:00Z,USD,CAD,134.000783
2023-06-03T21:00:00Z,USD,CAD,134.000398
2023-06-04T21:00:00Z,USD,CAD,133.009920
2023-06-05T21:00:00Z,USD,CAD,133.009411
2023-06-06T21:00:00Z,USD,CAD,133.009811
2023-06-07T21:00:00Z,USD,CAD,133.009971
2023-06-08T21:00:00Z,USD,CAD,133.009817
2023-06-09T21:00:00Z,USD,CAD,133.009443
2023-06-10T21:00:00Z,USD,CAD,133.009552
2023-06-11T21:00:00Z,USD,CAD,133.008959
2023-06-12T21:00:00Z,USD,CAD,133.009674
2023-06-13T21:00:00Z,USD,CAD,134.000310
2023-06-14T21:00:00Z,USD,CAD,134.000465
2023-06-15T21:00:00Z,USD,CAD,134.001560
2023-06-16T21:00:00Z,USD,CAD,134.002234
2023-06-17T21:00:00Z,USD,CAD,134.002750
2023-06-18T21:00:00Z,USD,CAD,134.001192
2023-06-19T21:00:00Z,USD,CAD,134.001223
2023-06-20T21:00:00Z,USD,CAD,134.001837
2023-06-21T21:00:00Z,USD,CAD,134.001362
2023-06-22T21:00:00Z,USD,CAD,134.000533
2023-06-23T21:00:00Z,USD,CAD,134.001734
2023-06-24T21:00:00Z,USD,CAD,134.002000
2023-06-25T21:00:00Z,USD,CAD,134.002701
2023-06-26T21:00:00Z,USD,CAD,134.002632
2023-06-27T21:00:00Z,USD,CAD,134.001811
2023-06-28T21:00:00Z,USD,CAD,134.002156
2023-06-29T21:00:00Z,USD,CAD,134.002059
2023-06-30T21:00:00Z,USD,CAD,134.001268
2023-07-01T21:00:00Z,USD,CAD,134.001561
2023-07-02T21:00:00Z,USD,CAD,134.000531
2023-07-03T21:00:00Z,USD,CAD,134.001693
2023-07-04T21:00:00Z,USD,CAD,134.000586
2023-07-05T21:00:00Z,USD,CAD,134.000593
2023-07-06T21:00:00Z,USD,CAD,134.000857
2023-07-07T21:00:00Z,USD,CAD,134.000071
2023-07-08T21:00:00Z,USD,CAD,134.000853
2023-07-09T21:00:00Z,USD,CAD,134.000713
2023-07-10T21:00:00Z,USD,CAD,134.001233
2023-07-11T21:00:00Z,USD,CAD,134.000569
2023-07-12T21:00:00Z,USD,CAD,133.009541
2023-07-13T21:00:00Z,USD,CAD,134.000211
2023-07-14T21:00:00Z,USD,CAD,134.000517
2023-07-15T21:00:00Z,USD,CAD,134.000852
2023-07-16T21:00:00Z,USD,CAD,134.001267
2023-07-17T21:00:00Z,USD,CAD,134.000772
2023-07-18T21:00:00Z,USD,CAD,134.000158
2023-07-19T21:00:00Z,USD,CAD,133.009335
2023-07-20T21:00:00Z,USD,CAD,133.008992
2023-07-21T21:00:00Z,USD,CAD,133.009809
2023-07-22T21:00:00Z,USD,CAD,133.009462
2023-07-23T21:00:00Z,USD,CAD,133.008816
2023-07-24T21:00:00Z,USD,CAD,133.009656
2023-07-25T21:00:00Z,USD,CAD,133.009001
2023-07-26T21:00:00Z,USD,CAD,133.009218
2023-07-27T21:00:00Z,USD,CAD,133.008743
2023-07-28T21:00:00Z,USD,CAD,133.007876
2023-07-29T21:00:00Z,USD,CAD,133.006851
2023-07-30T21:00:00Z,USD,CAD,133.005985
2023-07-31T21:00:00Z,USD,CAD,133.007482
2023-08-01T21:00:00Z,USD,CAD,133.008181
2023-08-02T21:00:00Z,USD,CAD,133.007964
2023-08-03T21:00:00Z,USD,CAD,133.007586
2023-08-04T21:00:00Z,USD,CAD,133.006660
2023-08-05T21:00:00Z,USD,CAD,133.006697
2023-08-06T21:00:00Z,USD,CAD,133.006846
2023-08-07T21:00:00Z,USD,CAD,133.007588
2023-08-08T21:00:00Z,USD,CAD,133.009215
2023-08-09T21:00:00Z,USD,CAD,133.009542
2023-08-10T21:00:00Z,USD,CAD,133.009922
2023-08-11T21:00:00Z,USD,CAD,133.009491
2023-08-12T21:00:00Z,USD,CAD,133.009449
2023-08-13T21:00:00Z,USD,CAD,134.000167
2023-08-14T21:00:00Z,USD,CAD,134.000803
2023-08-15T21:00:00Z,USD,CAD,134.001163
2023-08-16T21:00:00Z,USD,CAD,134.001421
2023-08-17T21:00:00Z,USD,CAD,134.001949
2023-08-18T21:00:00Z,USD,CAD,134.003499
2023-08-19T21:00:00Z,USD,CAD,134.003348
2023-08-20T21:00:00Z,USD,CAD,134.003611
2023-08-21T21:00:00Z,USD,CAD,134.002428
2023-08-22T21:00:00Z,USD,CAD,134.001885
2023-08-23T21:00:00Z,USD,CAD,134.002498
2023-08-24T21:00:00Z,USD,CAD,134.002916
2023-08-25T21:00:00Z,USD,CAD,134.002579
2023-08-26T21:00:00Z,USD,CAD,134.002459
2023-08-27T21:00:00Z,USD,CAD,134.003242
2023-08-28T21:00:00Z,USD,CAD,134.004542
2023-08-29T21:00:00Z,USD,CAD,134.004520
2023-08-30T21:00:00Z,USD,CAD,134.004235
2023-08-31T21:00:00Z,USD,CAD,134.004143
2023-09-01T21:00:00Z,USD,CAD,134.005128
2023-09-02T21:00:00Z,USD,CAD,134.005009
2023-09-03T21:00:00Z,USD,CAD,134.003828
2023-09-04T21:00:00Z,USD,CAD,134.003325
2023-09-05T21:00:00Z,USD,CAD,134.002225
2023-09-06T21:00:00Z,USD,CAD,134.002019
2023-09-07T21:00:00Z,USD,CAD,134.001272
2023-09-08T21:00:00Z,USD,CAD,134.001334
2023-09-09T21:00:00Z,USD,CAD,134.001469
2023-09-10T21:00:00Z,USD,CAD,134.001353
2023-09-11T21:00:00Z,USD,CAD,134.001167
2023-09-12T21:00:00Z,USD,CAD,134.001569
2023-09-13T21:00:00Z,USD,CAD,134.001578
2023-09-14T21:00:00Z,USD,CAD,134.001548
2023-09-15T21:00:00Z,USD,CAD,133.009877
2023-09-16T21:00:00Z,USD,CAD,134.000036
2023-09-17T21:00:00Z,USD,CAD,134.000256
2023-09-18T21:00:00Z,USD,CAD,133.009599
2023-09-19T21:00:00Z,USD,CAD,133.009301
2023-09-20T21:00:00Z,USD,CAD,133.008610
2023-09-21T21:00:00Z,USD,CAD,133.008312
2023-09-22T21:00:00Z,USD,CAD,133.008307
2023-09-23T21:00:00Z,USD,CAD,133.008236
2023-09-24T21:00:00Z,USD,CAD,133.008261
2023-09-25T21:00:00Z,USD,CAD,133.007989
2023-09-26T21:00:00Z,USD,CAD,133.008405
2023-09-27T21:00:00Z,USD,CAD,133.008270
2023-09-28T21:00:00Z,USD,CAD,133.007987
2023-09-29T21:00:00Z,USD,CAD,133.007041
2023-09-30T21:00:00Z,USD,CAD,133.006830
2023-10-01T21:00:00Z,USD,CAD,133.006214
2023-10-02T21:00:00Z,USD,CAD,133.006335
2023-10-03T21:00:00Z,USD,CAD,133.006396
2023-10-04T21:00:00Z,USD,CAD,133.007430
2023-10-05T21:00:00Z,USD,CAD,133.007867
2023-10-06T21:00:00Z,USD,CAD,133.006239
2023-10-07T21:00:00Z,USD,CAD,133.007056
2023-10-08T21:00:00Z,USD,CAD,133.007855
2023-10-09T21:00:00Z,USD,CAD,133.008723
2023-10-10T21:00:00Z,USD,CAD,133.008668
2023-10-11T21:00:00Z,USD,CAD,133.009688
2023-10-12T21:00:00Z,USD,CAD,134.000288
2023-10-13T21:00:00Z,USD,CAD,133.009317
2023-10-14T21:00:00Z,USD,CAD,133.008594
2023-10-15T21:00:00Z,USD,CAD,133.008258
2023-10-16T21:00:00Z,USD,CAD,133.009000
2023-10-17T21:00:00Z,USD,CAD,133.009656
2023-10-18T21:00:00Z,USD,CAD,133.009574
2023-10-19T21:00:00Z,USD,CAD,133.009889
2023-10-20T21:00:00Z,USD,CAD,133.008993
2023-10-21T21:00:00Z,USD,CAD,133.009232
2023-10-22T21:00:00Z,USD,CAD,133.008143
2023-10-23T21:00:00Z,USD,CAD,133.007295
2023-10-24T21:00:00Z,USD,CAD,133.006989
2023-10-25T21:00:00Z,USD,CAD,133.006873
2023-10-26T21:00:00Z,USD,CAD,133.007206
2023-10-27T21:00:00Z,USD,CAD,133.007735
2023-10-28T21:00:00Z,USD,CAD,133.007390
2023-10-29T21:00:00Z,USD,CAD,133.007571
2023-10-30T21:00:00Z,USD,CAD,133.008023
2023-10-31T21:00:00Z,USD,CAD,133.008867
2023-11-01T21:00:00Z,USD,CAD,133.008549
2023-11-02T21:00:00Z,USD,CAD,133.008222
2023-11-03T21:00:00Z,USD,CAD,133.008416
2023-11-04T21:00:00Z,USD,CAD,133.008074
2023-11-05T21:00:00Z,USD,CAD,133.008546
2023-11-06T21:00:00Z,USD,CAD,133.007775
2023-11-07T21:00:00Z,USD,CAD,133.007487
2023-11-08T21:00:00Z,USD,CAD,133.006804
2023-11-09T21:00:00Z,USD,CAD,133.006267
2023-11-10T21:00:00Z,USD,CAD,133.007099
2023-11-11T21:00:00Z,USD,CAD,133.007920
2023-11-12T21:00:00Z,USD,CAD,133.007935
2023-11-13T21:00:00Z,USD,CAD,133.007336
2023-11-14T21:00:00Z,USD,CAD,133.005684
2023-11-15T21:00:00Z,USD,CAD,133.004537
2023-11-16T21:00:00Z,USD,CAD,133.003799
2023-11-17T21:00:00Z,USD,CAD,133.003558
2023-11-18T21:00:00Z,USD,CAD,133.002344
2023-11-19T21:00:00Z,USD,CAD,133.001351
2023-11-20T21:00:00Z,USD,CAD,133.000996
2023-11-21T21:00:00Z,USD,CAD,133.002038
2023-11-22T21:00:00Z,USD,CAD,133.000575
2023-11-23T21:00:00Z,USD,CAD,132.009747
2023-11-24T21:00:00Z,USD,CAD,133.000325
2023-11-25T21:00:00Z,USD,CAD,133.000361
2023-11-26T21:00:00Z,USD,CAD,132.009744
2023-11-27T21:00:00Z,USD,CAD,132.009839
2023-11-28T21:00:00Z,USD,CAD,133.000956
2023-11-29T21:00:00Z,USD,CAD,133.001420
2023-11-30T21:00:00Z,USD,CAD,133.000458
2023-12-01T21:00:00Z,USD,CAD,132.009720
2023-12-02T21:00:00Z,USD,CAD,133.001091
2023-12-03T21:00:00Z,USD,CAD,133.002647
2023-12-04T21:00:00Z,USD,CAD,133.002473
2023-12-05T21:00:00Z,USD,CAD,133.003430
2023-12-06T21:00:00Z,USD,CAD,133.004224
2023-12-07T21:00:00Z,USD,CAD,133.003131
2023-12-08T21:00:00Z,USD,CAD,133.002295
2023-12-09T21:00:00Z,USD,CAD,133.001276
2023-12-10T21:00:00Z,USD,CAD,133.001476
2023-12-11T21:00:00Z,USD,CAD,133.000538
2023-12-12T21:00:00Z,USD,CAD,133.000863
2023-12-13T21:00:00Z,USD,CAD,133.001106
2023-12-14T21:00:00Z,USD,CAD,133.002074
2023-12-15T21:00:00Z,USD,CAD,133.001157
2023-12-16T21:00:00Z,USD,CAD,133.000804
2023-12-17T21:00:00Z,USD,CAD,133.000469
2023-12-18T21:00:00Z,USD,CAD,133.001944
2023-12-19T21:00:00Z,USD,CAD,133.003316
2023-12-20T21:00:00Z,USD,CAD,133.004350
2023-12-21T21:00:00Z,USD,CAD,133.004506
2023-12-22T21:00:00Z,USD,CAD,133.005607
2023-12-23T21:00:00Z,USD,CAD,133.005140
2023-12-24T21:00:00Z,USD,CAD,133.005700
2023-12-25T21:00:00Z,USD,CAD,133.005303
2023-12-26T21:00:00Z,USD,CAD,133.005697
2023-12-27T21:00:00Z,USD,CAD,133.004191
2023-12-28T21:00:00Z,USD,CAD,133.004011
2023-12-29T21:00:00Z,USD,CAD,133.004837
2023-12-30T21:00:00Z,USD,CAD,133.004400
2023-12-31T21:00:00Z,USD,CAD,133.003362
2024-01-01T21:00:00Z,USD,CAD,133.002974
2024-01-02T21:00:00Z,USD,CAD,133.003128
2024-01-03T21:00:00Z,USD,CAD,133.002982
2024-01-04T21:00:00Z,USD,CAD,133.003465
2024-01-05T21:00:00Z,USD,CAD,133.003313
2024-01-06T21:00:00Z,USD,CAD,133.003511
2024-01-07T21:00:00Z,USD,CAD,133.002998
2024-01-08T21:00:00Z,USD,CAD,133.002891
2024-01-09T21:00:00Z,USD,CAD,133.001558
2024-01-10T21:00:00Z,USD,CAD,133.001044
2024-01-11T21:00:00Z,USD,CAD,133.000018
2024-01-12T21:00:00Z,USD,CAD,133.000340
2024-01-13T21:00:00Z,USD,CAD,132.009534
2024-01-14T21:00:00Z,USD,CAD,133.000048
2024-01-15T21:00:00Z,USD,CAD,133.000573
2024-01-16T21:00:00Z,USD,CAD,132.009812
2024-01-17T21:00:00Z,USD,CAD,132.009727
2024-01-18T21:00:00Z,USD,CAD,133.000703
2024-01-19T21:00:00Z,USD,CAD,133.000102
2024-01-20T21:00:00Z,USD,CAD,133.001555
2024-01-21T21:00:00Z,USD,CAD,133.001088
2024-01-22T21:00:00Z,USD,CAD,133.002275
2024-01-23T21:00:00Z,USD,CAD,133.001237
2024-01-24T21:00:00Z,USD,CAD,133.000689
2024-01-25T21:00:00Z,USD,CAD,133.000573
2024-01-26T21:00:00Z,USD,CAD,133.000647
2024-01-27T21:00:00Z,USD,CAD,133.000435
2024-01-28T21:00:00Z,USD,CAD,133.001053
2024-01-29T21:00:00Z,USD,CAD,133.000872
2024-01-30T21:00:00Z,USD,CAD,133.000420
2024-01-31T21:00:00Z,USD,CAD,133.000888
2024-02-01T21:00:00Z,USD,CAD,133.001486
2024-02-02T21:00:00Z,USD,CAD,133.000426
2024-02-03T21:00:00Z,USD,CAD,132.009764
2024-02-04T21:00:00Z,USD,CAD,132.009310
2024-02-05T21:00:00Z,USD,CAD,132.009360
2024-02-06T21:00:00Z,USD,CAD,132.009879
2024-02-07T21:00:00Z,USD,CAD,133.000295
2024-02-08T21:00:00Z,USD,CAD,132.009238
2024-02-09T21:00:00Z,USD,CAD,133.000430
2024-02-10T21:00:00Z,USD,CAD,133.001084
2024-02-11T21:00:00Z,USD,CAD,133.001139
2024-02-12T21:00:00Z,USD,CAD,133.001103
2024-02-13T21:00:00Z,USD,CAD,133.002411
2024-02-14T21:00:00Z,USD,CAD,133.002898
2024-02-15T21:00:00Z,USD,CAD,133.002744
2024-02-16T21:00:00Z,USD,CAD,133.002808
2024-02-17T21:00:00Z,USD,CAD,133.002871
2024-02-18T21:00:00Z,USD,CAD,133.003896
2024-02-19T21:00:00Z,USD,CAD,133.005305
2024-02-20T21:00:00Z,USD,CAD,133.003591
2024-02-21T21:00:00Z,USD,CAD,133.003729
2024-02-22T21:00:00Z,USD,CAD,133.004081
2024-02-23T21:00:00Z,USD,CAD,133.004023
2024-02-24T21:00:00Z,USD,CAD,133.003819
2024-02-25T21:00:00Z,USD,CAD,133.004126
2024-02-26T21:00:00Z,USD,CAD,133.004325
2024-02-27T21:00:00Z,USD,CAD,133.004996
2024-02-28T21:00:00Z,USD,CAD,133.005027
2024-02-29T21:00:00Z,USD,CAD,133.005283
2024-03-01T21:00:00Z,USD,CAD,133.004836
2024-03-02T21:00:00Z,USD,CAD,133.005034
2024-03-03T21:00:00Z,USD,CAD,133.004708
2024-03-04T21:00:00Z,USD,CAD,133.005087
2024-03-05T21:00:00Z,USD,CAD,133.005652
2024-03-06T21:00:00Z,USD,CAD,133.005629
2024-03-07T21:00:00Z,USD,CAD,133.005298
2024-03-08T21:00:00Z,USD,CAD,133.003823
2024-03-09T21:00:00Z,USD,CAD,133.003072
2024-03-10T21:00:00Z,USD,CAD,133.002088
2024-03-11T21:00:00Z,USD,CAD,133.001517
2024-03-12T21:00:00Z,USD,CAD,133.001064
2024-03-13T21:00:00Z,USD,CAD,133.002245
2024-03-14T21:00:00Z,USD,CAD,133.002653
2024-03-15T21:00:00Z,USD,CAD,133.001324
2024-03-16T21:00:00Z,USD,CAD,133.002690
2024-03-17T21:00:00Z,USD,CAD,133.001379
2024-03-18T21:00:00Z,USD,CAD,133.002707
2024-03-19T21:00:00Z,USD,CAD,133.001059
2024-03-20T21:00:00Z,USD,CAD,133.001802
2024-03-21T21:00:00Z,USD,CAD,133.002802
2024-03-22T21:00:00Z,USD,CAD,133.001340
2024-03-23T21:00:00Z,USD,CAD,133.002289
2024-03-24T21:00:00Z,USD,CAD,133.001792
2024-03-25T21:00:00Z,USD,CAD,133.002345
2024-03-26T21:00:00Z,USD,CAD,133.002529
2024-03-27T21:00:00Z,USD,CAD,133.002187
2024-03-28T21:00:00Z,USD,CAD,133.002266
2024-03-29T21:00:00Z,USD,CAD,133.002220
2024-03-30T21:00:00Z,USD,CAD,133.002153
2024-03-31T21:00:00Z,USD,CAD,133.001261
2024-04-01T21:00:00Z,USD,CAD,133.001465
2024-04-02T21:00:00Z,USD,CAD,133.002067
2024-04-03T21:00:00Z,USD,CAD,133.001256
2024-04-04T21:00:00Z,USD,CAD,133.001172
2024-04-05T21:00:00Z,USD,CAD,133.001539
2024-04-06T21:00:00Z,USD,CAD,133.002021
2024-04-07T21:00:00Z,USD,CAD,133.000982
2024-04-08T21:00:00Z,USD,CAD,133.001480
2024-04-09T21:00:00Z,USD,CAD,133.002288
2024-04-10T21:00:00Z,USD,CAD,133.002591
2024-04-11T21:00:00Z,USD,CAD,133.002723
2024-04-12T21:00:00Z,USD,CAD,133.002432
2024-04-13T21:00:00Z,USD,CAD,133.003662
2024-04-14T21:00:00Z,USD,CAD,133.002407
2024-04-15T21:00:00Z,USD,CAD,133.003646
2024-04-16T21:00:00Z,USD,CAD,133.003408
2024-04-17T21:00:00Z,USD,CAD,133.003304
2024-04-18T21:00:00Z,USD,CAD,133.003571
2024-04-19T21:00:00Z,USD,CAD,133.002746
2024-04-20T21:00:00Z,USD,CAD,133.002488
2024-04-21T21:00:00Z,USD,CAD,133.001091
2024-04-22T21:00:00Z,USD,CAD,133.000945
2024-04-23T21:00:00Z,USD,CAD,132.009851
2024-04-24T21:00:00Z,USD,CAD,132.009024
2024-04-25T21:00:00Z,USD,CAD,132.009067
2024-04-26T21:00:00Z,USD,CAD,132.009786
2024-04-27T21:00:00Z,USD,CAD,132.009392
2024-04-28T21:00:00Z,USD,CAD,132.009635
2024-04-29T21:00:00Z,USD,CAD,133.000253
2024-04-30T21:00:00Z,USD,CAD,133.000141
2024-05-01T21:00:00Z,USD,CAD,132.009875
2024-05-02T21:00:00Z,USD,CAD,133.000614
2024-05-03T21:00:00Z,USD,CAD,132.009944
2024-05-04T21:00:00Z,USD,CAD,133.000805
2024-05-05T21:00:00Z,USD,CAD,133.000387
2024-05-06T21:00:00Z,USD,CAD,132.009753
2024-05-07T21:00:00Z,USD,CAD,133.000181
2024-05-08T21:00:00Z,USD,CAD,133.000062
2024-05-09T21:00:00Z,USD,CAD,133.000010
2024-05-10T21:00:00Z,USD,CAD,132.009466
2024-05-11T21:00:00Z,USD,CAD,132.009327
2024-05-12T21:00:00Z,USD,CAD,132.008740
2024-05-13T21:00:00Z,USD,CAD,132.009027
2024-05-14T21:00:00Z,USD,CAD,132.009040
2024-05-15T21:00:00Z,USD,CAD,132.009968
2024-05-16T21:00:00Z,USD,CAD,133.000356
2024-05-17T21:00:00Z,USD,CAD,133.001035
2024-05-18T21:00:00Z,USD,CAD,133.001197
2024-05-19T21:00:00Z,USD,CAD,133.002220
2024-05-20T21:00:00Z,USD,CAD,133.002565
2024-05-21T21:00:00Z,USD,CAD,133.002712
2024-05-22T21:00:00Z,USD,CAD,133.002813
2024-05-23T21:00:00Z,USD,CAD,133.004048
2024-05-24T21:00:00Z,USD,CAD,133.003754
2024-05-25T21:00:00Z,USD,CAD,133.002846
2024-05-26T21:00:00Z,USD,CAD,133.003639
2024-05-27T21:00:00Z,USD,CAD,133.002617
2024-05-28T21:00:00Z,USD,CAD,133.002978
2024-05-29T21:00:00Z,USD,CAD,133.002741
2024-05-30T21:00:00Z,USD,CAD,133.003864
2024-05-31T21:00:00Z,USD,CAD,133.004222
2024-06-01T21:00:00Z,USD,CAD,133.004951
2024-06-02T21:00:00Z,USD,CAD,133.005552
2024-06-03T21:00:00Z,USD,CAD,133.006224
2024-06-04T21:00:00Z,USD,CAD,133.005173
2024-06-05T21:00:00Z,USD,CAD,133.003793
2024-06-06T21:00:00Z,USD,CAD,133.002691
2024-06-07T21:00:00Z,USD,CAD,133.001055
2024-06-08T21:00:00Z,USD,CAD,133.002150
2024-06-09T21:00:00Z,USD,CAD,133.001794
2024-06-10T21:00:00Z,USD,CAD,133.000269
2024-06-11T21:00:00Z,USD,CAD,133.000431
2024-06-12T21:00:00Z,USD,CAD,133.001878
2024-06-13T21:00:00Z,USD,CAD,133.000939
2024-06-14T21:00:00Z,USD,CAD,133.001997
2024-06-15T21:00:00Z,USD,CAD,133.001799
2024-06-16T21:00:00Z,USD,CAD,133.002116
2024-06-17T21:00:00Z,USD,CAD,133.001950
2024-06-18T21:00:00Z,USD,CAD,133.003203
2024-06-19T21:00:00Z,USD,CAD,133.002284
2024-06-20T21:00:00Z,USD,CAD,133.002538
2024-06-21T21:00:00Z,USD,CAD,133.003129
2024-06-22T21:00:00Z,USD,CAD,133.002629
2024-06-23T21:00:00Z,USD,CAD,133.003245
2024-06-24T21:00:00Z,USD,CAD,133.003584
2024-06-25T21:00:00Z,USD,CAD,133.003378
2024-06-26T21:00:00Z,USD,CAD,133.003007
2024-06-27T21:00:00Z,USD,CAD,133.003386
2024-06-28T21:00:00Z,USD,CAD,133.003074
2024-06-29T21:00:00Z,USD,CAD,133.002583
2024-06-30T21:00:00Z,USD,CAD,133.003521
2024-07-01T21:00:00Z,USD,CAD,133.003361
2024-07-02T21:00:00Z,USD,CAD,133.002652
2024-07-03T21:00:00Z,USD,CAD,133.003033
2024-07-04T21:00:00Z,USD,CAD,133.002045
2024-07-05T21:00:00Z,USD,CAD,133.002404
2024-07-06T21:00:00Z,USD,CAD,133.002870
2024-07-07T21:00:00Z,USD,CAD,133.002803
2024-07-08T21:00:00Z,USD,CAD,133.002483
2024-07-09T21:00:00Z,USD,CAD,133.002508
2024-07-10T21:00:00Z,USD,CAD,133.003016
2024-07-11T21:00:00Z,USD,CAD,133.004630
2024-07-12T21:00:00Z,USD,CAD,133.004902
2024-07-13T21:00:00Z,USD,CAD,133.004095
2024-07-14T21:00:00Z,USD,CAD,133.004161
2024-07-15T21:00:00Z,USD,CAD,133.003457
2024-07-16T21:00:00Z,USD,CAD,133.003742
2024-07-17T21:00:00Z,USD,CAD,133.004060
2024-07-18T21:00:00Z,USD,CAD,133.004231
2024-07-19T21:00:00Z,USD,CAD,133.003445
2024-07-20T21:00:00Z,USD,CAD,133.003133
2024-07-21T21:00:00Z,USD,CAD,133.004384
2024-07-22T21:00:00Z,USD,CAD,133.004092
2024-07-23T21:00:00Z,USD,CAD,133.003172
2024-07-24T21:00:00Z,USD,CAD,133.002903
2024-07-25T21:00:00Z,USD,CAD,133.003617
2024-07-26T21:00:00Z,USD,CAD,133.003839
2024-07-27T21:00:00Z,USD,CAD,133.003994
2024-07-28T21:00:00Z,USD,CAD,133.003893
2024-07-29T21:00:00Z,USD,CAD,133.003703
2024-07-30T21:00:00Z,USD,CAD,133.002870
2024-07-31T21:00:00Z,USD,CAD,133.002501
2024-08-01T21:00:00Z,USD,CAD,133.001774
2024-08-02T21:00:00Z,USD,CAD,133.001348
2024-08-03T21:00:00Z,USD,CAD,133.000790
2024-08-04T21:00:00Z,USD,CAD,133.001267
2024-08-05T21:00:00Z,USD,CAD,133.002049
2024-08-06T21:00:00Z,USD,CAD,133.001669
2024-08-07T21:00:00Z,USD,CAD,133.001054
2024-08-08T21:00:00Z,USD,CAD,133.000959
2024-08-09T21:00:00Z,USD,CAD,133.000496
2024-08-10T21:00:00Z,USD,CAD,133.000418
2024-08-11T21:00:00Z,USD,CAD,133.001236
2024-08-12T21:00:00Z,USD,CAD,133.002802
2024-08-13T21:00:00Z,USD,CAD,133.003577
2024-08-14T21:00:00Z,USD,CAD,133.002696
2024-08-15T21:00:00Z,USD,CAD,133.002315
2024-08-16T21:00:00Z,USD,CAD,133.001619
2024-08-17T21:00:00Z,USD,CAD,133.001550
2024-08-18T21:00:00Z,USD,CAD,133.001103
2024-08-19T21:00:00Z,USD,CAD,132.009994
2024-08-20T21:00:00Z,USD,CAD,132.009915
2024-08-21T21:00:00Z,USD,CAD,133.000540
2024-08-22T21:00:00Z,USD,CAD,133.000179
2024-08-23T21:00:00Z,USD,CAD,133.001753
2024-08-24T21:00:00Z,USD,CAD,133.001915
2024-08-25T21:00:00Z,USD,CAD,133.001237
2024-08-26T21:00:00Z,USD,CAD,133.001235
2024-08-27T21:00:00Z,USD,CAD,133.000280
2024-08-28T21:00:00Z,USD,CAD,133.000911
2024-08-29T21:00:00Z,USD,CAD,133.000441
2024-08-30T21:00:00Z,USD,CAD,133.001647
2024-08-31T21:00:00Z,USD,CAD,133.000702
2024-09-01T21:00:00Z,USD,CAD,133.001298
2024-09-02T21:00:00Z,USD,CAD,133.001961
2024-09-03T21:00:00Z,USD,CAD,133.000782
2024-09-04T21:00:00Z,USD,CAD,133.000165
2024-09-05T21:00:00Z,USD,CAD,132.009331
2024-09-06T21:00:00Z,USD,CAD,132.008811
2024-09-07T21:00:00Z,USD,CAD,132.008974
2024-09-08T21:00:00Z,USD,CAD,133.000559
2024-09-09T21:00:00Z,USD,CAD,133.000648
2024-09-10T21:00:00Z,USD,CAD,132.009629
2024-09-11T21:00:00Z,USD,CAD,132.009452
2024-09-12T21:00:00Z,USD,CAD,133.000478
2024-09-13T21:00:00Z,USD,CAD,133.000818
2024-09-14T21:00:00Z,USD,CAD,133.002021
2024-09-15T21:00:00Z,USD,CAD,133.000556
2024-09-16T21:00:00Z,USD,CAD,132.009456
2024-09-17T21:00:00Z,USD,CAD,132.009175
2024-09-18T21:00:00Z,USD,CAD,132.008398
2024-09-19T21:00:00Z,USD,CAD,132.008907
2024-09-20T21:00:00Z,USD,CAD,132.008133
2024-09-21T21:00:00Z,USD,CAD,132.007792
2024-09-22T21:00:00Z,USD,CAD,132.008548
2024-09-23T21:00:00Z,USD,CAD,132.008488
2024-09-24T21:00:00Z,USD,CAD,132.008511
2024-09-25T21:00:00Z,USD,CAD,132.007258
2024-09-26T21:00:00Z,USD,CAD,132.006582
2024-09-27T21:00:00Z,USD,CAD,132.006781
2024-09-28T21:00:00Z,USD,CAD,132.006123
2024-09-29T21:00:00Z,USD,CAD,132.006169
2024-09-30T21:00:00Z,USD,CAD,132.004414
2024-10-01T21:00:00Z,USD,CAD,132.003222
2024-10-02T21:00:00Z,USD,CAD,132.003155
2024-10-03T21:00:00Z,USD,CAD,132.003698
2024-10-04T21:00:00Z,USD,CAD,132.003436
2024-10-05T21:00:00Z,USD,CAD,132.004096
2024-10-06T21:00:00Z,USD,CAD,132.003695
2024-10-07T21:00:00Z,USD,CAD,132.003061
2024-10-08T21:00:00Z,USD,CAD,132.003715
2024-10-09T21:00:00Z,USD,CAD,132.003278
2024-10-10T21:00:00Z,USD,CAD,132.001941
2024-10-11T21:00:00Z,USD,CAD,132.003285
2024-10-12T21:00:00Z,USD,CAD,132.002042
2024-10-13T21:00:00Z,USD,CAD,132.001896
2024-10-14T21:00:00Z,USD,CAD,132.001131
2024-10-15T21:00:00Z,USD,CAD,132.001754
2024-10-16T21:00:00Z,USD,CAD,132.001790
2024-10-17T21:00:00Z,USD,CAD,132.001946
2024-10-18T21:00:00Z,USD,CAD,132.000882
2024-10-19T21:00:00Z,USD,CAD,132.000304
2024-10-20T21:00:00Z,USD,CAD,131.009611
2024-10-21T21:00:00Z,USD,CAD,131.008116
2024-10-22T21:00:00Z,USD,CAD,131.008250
2024-10-23T21:00:00Z,USD,CAD,131.007747
2024-10-24T21:00:00Z,USD,CAD,131.008146
2024-10-25T21:00:00Z,USD,CAD,131.006935
2024-10-26T21:00:00Z,USD,CAD,131.007450
2024-10-27T21:00:00Z,USD,CAD,131.008397
2024-10-28T21:00:00Z,USD,CAD,131.008703
2024-10-29T21:00:00Z,USD,CAD,131.008338
2024-10-30T21:00:00Z,USD,CAD,131.008648
2024-10-31T21:00:00Z,USD,CAD,131.008362
2024-11-01T21:00:00Z,USD,CAD,131.009261
2024-11-02T21:00:00Z,USD,CAD,132.000332
2024-11-03T21:00:00Z,USD,CAD,132.000563
2024-11-04T21:00:00Z,USD,CAD,131.009622
2024-11-05T21:00:00Z,USD,CAD,131.008564
2024-11-06T21:00:00Z,USD,CAD,131.008791
2024-11-07T21:00:00Z,USD,CAD,131.009833
2024-11-08T21:00:00Z,USD,CAD,131.009891
2024-11-09T21:00:00Z,USD,CAD,132.000134
2024-11-10T21:00:00Z,USD,CAD,132.000678
2024-11-11T21:00:00Z,USD,CAD,132.001036
2024-11-12T21:00:00Z,USD,CAD,131.009963
2024-11-13T21:00:00Z,USD,CAD,131.008592
2024-11-14T21:00:00Z,USD,CAD,131.008555
2024-11-15T21:00:00Z,USD,CAD,131.008463
2024-11-16T21:00:00Z,USD,CAD,131.008305
2024-11-17T21:00:00Z,USD,CAD,131.008187
2024-11-18T21:00:00Z,USD,CAD,131.007900
2024-11-19T21:00:00Z,USD,CAD,131.008454
2024-11-20T21:00:00Z,USD,CAD,131.008302
2024-11-21T21:00:00Z,USD,CAD,131.009511
2024-11-22T21:00:00Z,USD,CAD,132.000616
2024-11-23T21:00:00Z,USD,CAD,131.009490
2024-11-24T21:00:00Z,USD,CAD,131.009535
2024-11-25T21:00:00Z,USD,CAD,131.008542
2024-11-26T21:00:00Z,USD,CAD,131.008129
2024-11-27T21:00:00Z,USD,CAD,131.009970
2024-11-28T21:00:00Z,USD,CAD,131.009302
2024-11-29T21:00:00Z,USD,CAD,132.000174
2024-11-30T21:00:00Z,USD,CAD,132.001051
2024-12-01T21:00:00Z,USD,CAD,132.000895
2024-12-02T21:00:00Z,USD,CAD,132.001320
2024-12-03T21:00:00Z,USD,CAD,132.000311
2024-12-04T21:00:00Z,USD,CAD,131.009864
2024-12-05T21:00:00Z,USD,CAD,132.001353
2024-12-06T21:00:00Z,USD,CAD,132.002547
2024-12-07T21:00:00Z,USD,CAD,132.002536
2024-12-08T21:00:00Z,USD,CAD,132.003343
2024-12-09T21:00:00Z,USD,CAD,132.004125
2024-12-10T21:00:00Z,USD,CAD,132.003415
2024-12-11T21:00:00Z,USD,CAD,132.001897
2024-12-12T21:00:00Z,USD,CAD,132.001366
2024-12-13T21:00:00Z,USD,CAD,132.001994
2024-12-14T21:00:00Z,USD,CAD,132.002018
2024-12-15T21:00:00Z,USD,CAD,132.002578
2024-12-16T21:00:00Z,USD,CAD,132.003282
2024-12-17T21:00:00Z,USD,CAD,132.001997
2024-12-18T21:00:00Z,USD,CAD,132.002427
2024-12-19T21:00:00Z,USD,CAD,132.002863
2024-12-20T21:00:00Z,USD,CAD,132.003859
2024-12-21T21:00:00Z,USD,CAD,132.003017
2024-12-22T21:00:00Z,USD,CAD,132.002219
2024-12-23T21:00:00Z,USD,CAD,132.002950
2024-12-24T21:00:00Z,USD,CAD,132.003556
2024-12-25T21:00:00Z,USD,CAD,132.004384
2024-12-26T21:00:00Z,USD,CAD,132.003292
2024-12-27T21:00:00Z,USD,CAD,132.002471
2024-12-28T21:00:00Z,USD,CAD,132.001270
2024-12-29T21:00:00Z,USD,CAD,132.000934
2024-12-30T21:00:00Z,USD,CAD,132.001680
2024-12-31T21:00:00Z,USD,CAD,132.000835
2025-01-01T21:00:00Z,USD,CAD,132.000698
2025-01-02T21:00:00Z,USD,CAD,132.000288
2025-01-03T21:00:00Z,USD,CAD,131.009102
2025-01-04T21:00:00Z,USD,CAD,131.009941
2025-01-05T21:00:00Z,USD,CAD,132.000664
2025-01-06T21:00:00Z,USD,CAD,132.000285
2025-01-07T21:00:00Z,USD,CAD,132.000742
2025-01-08T21:00:00Z,USD,CAD,131.009956
2025-01-09T21:00:00Z,USD,CAD,132.000230
2025-01-10T21:00:00Z,USD,CAD,132.001217
2025-01-11T21:00:00Z,USD,CAD,132.000864
2025-01-12T21:00:00Z,USD,CAD,132.001576
2025-01-13T21:00:00Z,USD,CAD,132.001419
2025-01-14T21:00:00Z,USD,CAD,132.001889
2025-01-15T21:00:00Z,USD,CAD,132.002383
2025-01-16T21:00:00Z,USD,CAD,132.002538
2025-01-17T21:00:00Z,USD,CAD,132.001541
2025-01-18T21:00:00Z,USD,CAD,132.002078
2025-01-19T21:00:00Z,USD,CAD,132.000537
2025-01-20T21:00:00Z,USD,CAD,132.001471
2025-01-21T21:00:00Z,USD,CAD,132.002682
2025-01-22T21:00:00Z,USD,CAD,132.004260
2025-01-23T21:00:00Z,USD,CAD,132.003285
2025-01-24T21:00:00Z,USD,CAD,132.004081
2025-01-25T21:00:00Z,USD,CAD,132.002118
2025-01-26T21:00:00Z,USD,CAD,132.001737
2025-01-27T21:00:00Z,USD,CAD,132.002117
2025-01-28T21:00:00Z,USD,CAD,132.001015
2025-01-29T21:00:00Z,USD,CAD,132.001457
2025-01-30T21:00:00Z,USD,CAD,132.001417
2025-01-31T21:00:00Z,USD,CAD,132.000389
2025-02-01T21:00:00Z,USD,CAD,131.009778
2025-02-02T21:00:00Z,USD,CAD,132.000363
2025-02-03T21:00:00Z,USD,CAD,132.000578
2025-02-04T21:00:00Z,USD,CAD,132.000632
2025-02-05T21:00:00Z,USD,CAD,131.009167
2025-02-06T21:00:00Z,USD,CAD,131.007951
2025-02-07T21:00:00Z,USD,CAD,131.007268
2025-02-08T21:00:00Z,USD,CAD,131.007624
2025-02-09T21:00:00Z,USD,CAD,131.007952
2025-02-10T21:00:00Z,USD,CAD,131.007725
2025-02-11T21:00:00Z,USD,CAD,131.007154
2025-02-12T21:00:00Z,USD,CAD,131.006592
2025-02-13T21:00:00Z,USD,CAD,131.005792
2025-02-14T21:00:00Z,USD,CAD,131.005633
2025-02-15T21:00:00Z,USD,CAD,131.004887
2025-02-16T21:00:00Z,USD,CAD,131.004474
2025-02-17T21:00:00Z,USD,CAD,131.004393
2025-02-18T21:00:00Z,USD,CAD,131.004803
2025-02-19T21:00:00Z,USD,CAD,131.004802
2025-02-20T21:00:00Z,USD,CAD,131.005045
2025-02-21T21:00:00Z,USD,CAD,131.003078
2025-02-22T21:00:00Z,USD,CAD,131.002321
2025-02-23T21:00:00Z,USD,CAD,131.002176
2025-02-24T21:00:00Z,USD,CAD,131.002332
2025-02-25T21:00:00Z,USD,CAD,131.002661
2025-02-26T21:00:00Z,USD,CAD,131.002664
2025-02-27T21:00:00Z,USD,CAD,131.002631
2025-02-28T21:00:00Z,USD,CAD,131.003400
2025-03-01T21:00:00Z,USD,CAD,131.003927
2025-03-02T21:00:00Z,USD,CAD,131.004001
2025-03-03T21:00:00Z,USD,CAD,131.003864
2025-03-04T21:00:00Z,USD,CAD,131.003094
2025-03-05T21:00:00Z,USD,CAD,131.003075
2025-03-06T21:00:00Z,USD,CAD,131.003962
2025-03-07T21:00:00Z,USD,CAD,131.005318
2025-03-08T21:00:00Z,USD,CAD,131.007049
2025-03-09T21:00:00Z,USD,CAD,131.007349
2025-03-10T21:00:00Z,USD,CAD,131.006499
2025-03-11T21:00:00Z,USD,CAD,131.007210
2025-03-12T21:00:00Z,USD,CAD,131.007976
2025-03-13T21:00:00Z,USD,CAD,131.008081
2025-03-14T21:00:00Z,USD,CAD,131.007097
2025-03-15T21:00:00Z,USD,CAD,131.007573
2025-03-16T21:00:00Z,USD,CAD,131.007439
2025-03-17T21:00:00Z,USD,CAD,131.007833
2025-03-18T21:00:00Z,USD,CAD,131.007720
2025-03-19T21:00:00Z,USD,CAD,131.008940
2025-03-20T21:00:00Z,USD,CAD,131.008924
2025-03-21T21:00:00Z,USD,CAD,131.009547
2025-03-22T21:00:00Z,USD,CAD,132.000538
2025-03-23T21:00:00Z,USD,CAD,132.002305
2025-03-24T21:00:00Z,USD,CAD,132.002579
2025-03-25T21:00:00Z,USD,CAD,132.002469
2025-03-26T21:00:00Z,USD,CAD,132.002380
2025-03-27T21:00:00Z,USD,CAD,132.001490
2025-03-28T21:00:00Z,USD,CAD,132.001145
2025-03-29T21:00:00Z,USD,CAD,132.001524
2025-03-30T21:00:00Z,USD,CAD,132.002584
2025-03-31T21:00:00Z,USD,CAD,132.002261
2025-04-01T21:00:00Z,USD,CAD,132.002025
2025-04-02T21:00:00Z,USD,CAD,132.002023
2025-04-03T21:00:00Z,USD,CAD,132.001941
2025-04-04T21:00:00Z,USD,CAD,132.001735
2025-04-05T21:00:00Z,USD,CAD,132.001662
2025-04-06T21:00:00Z,USD,CAD,132.000918
2025-04-07T21:00:00Z,USD,CAD,132.001035
2025-04-08T21:00:00Z,USD,CAD,132.000886
2025-04-09T21:00:00Z,USD,CAD,132.002050
2025-04-10T21:00:00Z,USD,CAD,132.002065
2025-04-11T21:00:00Z,USD,CAD,132.001359
2025-04-12T21:00:00Z,USD,CAD,132.000834
2025-04-13T21:00:00Z,USD,CAD,132.001899
2025-04-14T21:00:00Z,USD,CAD,132.002434
2025-04-15T21:00:00Z,USD,CAD,132.003983
2025-04-16T21:00:00Z,USD,CAD,132.003701
2025-04-17T21:00:00Z,USD,CAD,132.004163
2025-04-18T21:00:00Z,USD,CAD,132.003865
2025-04-19T21:00:00Z,USD,CAD,132.003082
2025-04-20T21:00:00Z,USD,CAD,132.002766
2025-04-21T21:00:00Z,USD,CAD,132.003362
2025-04-22T21:00:00Z,USD,CAD,132.003491
2025-04-23T21:00:00Z,USD,CAD,132.003857
2025-04-24T21:00:00Z,USD,CAD,132.004126
2025-04-25T21:00:00Z,USD,CAD,132.004965
2025-04-26T21:00:00Z,USD,CAD,132.005247
2025-04-27T21:00:00Z,USD,CAD,132.006432
2025-04-28T21:00:00Z,USD,CAD,132.006599
2025-04-29T21:00:00Z,USD,CAD,132.005310
2025-04-30T21:00:00Z,USD,CAD,132.006097
2025-05-01T21:00:00Z,USD,CAD,132.006077
2025-05-02T21:00:00Z,USD,CAD,132.006725
2025-05-03T21:00:00Z,USD,CAD,132.006271
2025-05-04T21:00:00Z,USD,CAD,132.005423
2025-05-05T21:00:00Z,USD,CAD,132.004281
2025-05-06T21:00:00Z,USD,CAD,132.004149
2025-05-07T21:00:00Z,USD,CAD,132.004325
2025-05-08T21:00:00Z,USD,CAD,132.004570
2025-05-09T21:00:00Z,USD,CAD,132.004311
2025-05-10T21:00:00Z,USD,CAD,132.006181
2025-05-11T21:00:00Z,USD,CAD,132.007419
2025-05-12T21:00:00Z,USD,CAD,132.008468
2025-05-13T21:00:00Z,USD,CAD,133.000308
2025-05-14T21:00:00Z,USD,CAD,133.000664
2025-05-15T21:00:00Z,USD,CAD,132.009438
2025-05-16T21:00:00Z,USD,CAD,133.000529
2025-05-17T21:00:00Z,USD,CAD,133.001559
2025-05-18T21:00:00Z,USD,CAD,133.001694
2025-05-19T21:00:00Z,USD,CAD,133.002738
2025-05-20T21:00:00Z,USD,CAD,133.002353
2025-05-21T21:00:00Z,USD,CAD,133.002020
2025-05-22T21:00:00Z,USD,CAD,133.002382
2025-05-23T21:00:00Z,USD,CAD,133.002280
2025-05-24T21:00:00Z,USD,CAD,133.002752
2025-05-25T21:00:00Z,USD,CAD,133.003407
2025-05-26T21:00:00Z,USD,CAD,133.003825
2025-05-27T21:00:00Z,USD,CAD,133.003567
2025-05-28T21:00:00Z,USD,CAD,133.004405
2025-05-29T21:00:00Z,USD,CAD,133.004132
2025-05-30T21:00:00Z,USD,CAD,133.004094
2025-05-31T21:00:00Z,USD,CAD,133.004510
2025-06-01T21:00:00Z,USD,CAD,133.005402
2025-06-02T21:00:00Z,USD,CAD,133.005791
2025-06-03T21:00:00Z,USD,CAD,133.006736
2025-06-04T21:00:00Z,USD,CAD,133.005096
2025-06-05T21:00:00Z,USD,CAD,133.004397
2025-06-06T21:00:00Z,USD,CAD,133.002421
2025-06-07T21:00:00Z,USD,CAD,133.002909
2025-06-08T21:00:00Z,USD,CAD,133.003475
2025-06-09T21:00:00Z,USD,CAD,133.003901
2025-06-10T21:00:00Z,USD,CAD,133.003973
2025-06-11T21:00:00Z,USD,CAD,133.003738
2025-06-12T21:00:00Z,USD,CAD,133.003927
2025-06-13T21:00:00Z,USD,CAD,133.002734
2025-06-14T21:00:00Z,USD,CAD,133.002935
2025-06-15T21:00:00Z,USD,CAD,133.003479
2025-06-16T21:00:00Z,USD,CAD,133.004155
2025-06-17T21:00:00Z,USD,CAD,133.004360
2025-06-18T21:00:00Z,USD,CAD,133.003391
2025-06-19T21:00:00Z,USD,CAD,133.003715
2025-06-20T21:00:00Z,USD,CAD,133.004026
2025-06-21T21:00:00Z,USD,CAD,133.004763
2025-06-22T21:00:00Z,USD,CAD,133.003861
2025-06-23T21:00:00Z,USD,CAD,133.003564
2025-06-24T21:00:00Z,USD,CAD,133.002985
2025-06-25T21:00:00Z,USD,CAD,133.003808
2025-06-26T21:00:00Z,USD,CAD,133.004656
2025-06-27T21:00:00Z,USD,CAD,133.005646
2025-06-28T21:00:00Z,USD,CAD,133.005677
2025-06-29T21:00:00Z,USD,CAD,133.005117
2025-06-30T21:00:00Z,USD,CAD,133.005064
2025-07-01T21:00:00Z,USD,CAD,133.004905
2025-07-02T21:00:00Z,USD,CAD,133.005041
2025-07-03T21:00:00Z,USD,CAD,133.004997
2025-07-04T21:00:00Z,USD,CAD,133.004871
2025-07-05T21:00:00Z,USD,CAD,133.005083
2025-07-06T21:00:00Z,USD,CAD,133.005072
2025-07-07T21:00:00Z,USD,CAD,133.004872
2025-07-08T21:00:00Z,USD,CAD,133.004894
2025-07-09T21:00:00Z,USD,CAD,133.004396
2025-07-10T21:00:00Z,USD,CAD,133.003252
2025-07-11T21:00:00Z,USD,CAD,133.003067
2025-07-12T21:00:00Z,USD,CAD,133.003320
2025-07-13T21:00:00Z,USD,CAD,133.003406
2025-07-14T21:00:00Z,USD,CAD,133.002903
2025-07-15T21:00:00Z,USD,CAD,133.003267
2025-07-16T21:00:00Z,USD,CAD,133.004030
2025-07-17T21:00:00Z,USD,CAD,133.003627
2025-07-18T21:00:00Z,USD,CAD,133.002624
2025-07-19T21:00:00Z,USD,CAD,133.003934
2025-07-20T21:00:00Z,USD,CAD,133.005485
2025-07-21T21:00:00Z,USD,CAD,133.004692
2025-07-22T21:00:00Z,USD,CAD,133.004469
2025-07-23T21:00:00Z,USD,CAD,133.003892
2025-07-24T21:00:00Z,USD,CAD,133.002817
2025-07-25T21:00:00Z,USD,CAD,133.003288
2025-07-26T21:00:00Z,USD,CAD,133.002817
2025-07-27T21:00:00Z,USD,CAD,133.002741
2025-07-28T21:00:00Z,USD,CAD,133.001823
2025-07-29T21:00:00Z,USD,CAD,133.001358
2025-07-30T21:00:00Z,USD,CAD,133.001237
2025-07-31T21:00:00Z,USD,CAD,133.002655
2025-08-01T21:00:00Z,USD,CAD,133.003033
2025-08-02T21:00:00Z,USD,CAD,133.004321
2025-08-03T21:00:00Z,USD,CAD,133.003168
2025-08-04T21:00:00Z,USD,CAD,133.003304
2025-08-05T21:00:00Z,USD,CAD,133.003386
2025-08-06T21:00:00Z,USD,CAD,133.005306
2025-08-07T21:00:00Z,USD,CAD,133.005592
2025-08-08T21:00:00Z,USD,CAD,133.005367
2025-08-09T21:00:00Z,USD,CAD,133.004497
2025-08-10T21:00:00Z,USD,CAD,133.004337
2025-08-11T21:00:00Z,USD,CAD,133.004316
2025-08-12T21:00:00Z,USD,CAD,133.004523
2025-08-13T21:00:00Z,USD,CAD,133.004542
2025-08-14T21:00:00Z,USD,CAD,133.004146
2025-08-15T21:00:00Z,USD,CAD,133.002474
2025-08-16T21:00:00Z,USD,CAD,133.001822
2025-08-17T21:00:00Z,USD,CAD,133.003087
2025-08-18T21:00:00Z,USD,CAD,133.001202
2025-08-19T21:00:00Z,USD,CAD,133.001408
2025-08-20T21:00:00Z,USD,CAD,133.001916
2025-08-21T21:00:00Z,USD,CAD,133.002204
2025-08-22T21:00:00Z,USD,CAD,133.003037
2025-08-23T21:00:00Z,USD,CAD,133.002536
2025-08-24T21:00:00Z,USD,CAD,133.002379
2025-08-25T21:00:00Z,USD,CAD,133.003840
2025-08-26T21:00:00Z,USD,CAD,133.004652
2025-08-27T21:00:00Z,USD,CAD,133.005223
2025-08-28T21:00:00Z,USD,CAD,133.005908
2025-08-29T21:00:00Z,USD,CAD,133.004918
2025-08-30T21:00:00Z,USD,CAD,133.004821
2025-08-31T21:00:00Z,USD,CAD,133.004590
2025-09-01T21:00:00Z,USD,CAD,133.004796
2025-09-02T21:00:00Z,USD,CAD,133.004237
2025-09-03T21:00:00Z,USD,CAD,133.004039
2025-09-04T21:00:00Z,USD,CAD,133.003973
2025-09-05T21:00:00Z,USD,CAD,133.004610
2025-09-06T21:00:00Z,USD,CAD,133.004692
2025-09-07T21:00:00Z,USD,CAD,133.004582
2025-09-08T21:00:00Z,USD,CAD,133.004042
2025-09-09T21:00:00Z,USD,CAD,133.004052
2025-09-10T21:00:00Z,USD,CAD,133.004764
2025-09-11T21:00:00Z,USD,CAD,133.005452
2025-09-12T21:00:00Z,USD,CAD,133.004411
2025-09-13T21:00:00Z,USD,CAD,133.004892
2025-09-14T21:00:00Z,USD,CAD,133.005134
2025-09-15T21:00:00Z,USD,CAD,133.005379
2025-09-16T21:00:00Z,USD,CAD,133.006021
2025-09-17T21:00:00Z,USD,CAD,133.007176
2025-09-18T21:00:00Z,USD,CAD,133.008680
2025-09-19T21:00:00Z,USD,CAD,133.009735
2025-09-20T21:00:00Z,USD,CAD,134.000325
2025-09-21T21:00:00Z,USD,CAD,134.000865
2025-09-22T21:00:00Z,USD,CAD,134.000227
2025-09-23T21:00:00Z,USD,CAD,134.000097
2025-09-24T21:00:00Z,USD,CAD,133.009243
2025-09-25T21:00:00Z,USD,CAD,134.000656
2025-09-26T21:00:00Z,USD,CAD,134.000864
2025-09-27T21:00:00Z,USD,CAD,134.000616
2025-09-28T21:00:00Z,USD,CAD,134.000142
2025-09-29T21:00:00Z,USD,CAD,133.009698
2025-09-30T21:00:00Z,USD,CAD,134.000458
2025-10-01T21:00:00Z,USD,CAD,134.000201
2025-10-02T21:00:00Z,USD,CAD,134.000745
2025-10-03T21:00:00Z,USD,CAD,134.000234
2025-10-04T21:00:00Z,USD,CAD,134.000825
2025-10-05T21:00:00Z,USD,CAD,134.001961
2025-10-06T21:00:00Z,USD,CAD,134.001319
2025-10-07T21:00:00Z,USD,CAD,134.000365
2025-10-08T21:00:00Z,USD,CAD,134.001699
2025-10-09T21:00:00Z,USD,CAD,134.002141
2025-10-10T21:00:00Z,USD,CAD,134.003092
2025-10-11T21:00:00Z,USD,CAD,134.002148
2025-10-12T21:00:00Z,USD,CAD,134.003502
2025-10-13T21:00:00Z,USD,CAD,134.003838
2025-10-14T21:00:00Z,USD,CAD,134.003027
2025-10-15T21:00:00Z,USD,CAD,134.001907
2025-10-16T21:00:00Z,USD,CAD,134.001894
2025-10-17T21:00:00Z,USD,CAD,134.001587
2025-10-18T21:00:00Z,USD,CAD,134.001119
2025-10-19T21:00:00Z,USD,CAD,134.001622
2025-10-20T21:00:00Z,USD,CAD,134.000285
2025-10-21T21:00:00Z,USD,CAD,133.009344
2025-10-22T21:00:00Z,USD,CAD,133.009422
2025-10-23T21:00:00Z,USD,CAD,134.000273
2025-10-24T21:00:00Z,USD,CAD,133.008922
2025-10-25T21:00:00Z,USD,CAD,133.009813
2025-10-26T21:00:00Z,USD,CAD,134.000514
2025-10-27T21:00:00Z,USD,CAD,134.002027
2025-10-28T21:00:00Z,USD,CAD,134.003361
2025-10-29T21:00:00Z,USD,CAD,134.004437
2025-10-30T21:00:00Z,USD,CAD,134.005619
2025-10-31T21:00:00Z,USD,CAD,134.006460
2025-11-01T21:00:00Z,USD,CAD,134.006815
2025-11-02T21:00:00Z,USD,CAD,134.007771
2025-11-03T21:00:00Z,USD,CAD,134.007519
2025-11-04T21:00:00Z,USD,CAD,134.006748
2025-11-05T21:00:00Z,USD,CAD,134.006222
2025-11-06T21:00:00Z,USD,CAD,134.007306
2025-11-07T21:00:00Z,USD,CAD,134.007460
2025-11-08T21:00:00Z,USD,CAD,134.006221
2025-11-09T21:00:00Z,USD,CAD,134.006106
2025-11-10T21:00:00Z,USD,CAD,134.005363
2025-11-11T21:00:00Z,USD,CAD,134.004889
2025-11-12T21:00:00Z,USD,CAD,134.005472
2025-11-13T21:00:00Z,USD,CAD,134.005613
2025-11-14T21:00:00Z,USD,CAD,134.007550
2025-11-15T21:00:00Z,USD,CAD,134.008421
2025-11-16T21:00:00Z,USD,CAD,134.008109
2025-11-17T21:00:00Z,USD,CAD,134.007899
2025-11-18T21:00:00Z,USD,CAD,134.008581
2025-11-19T21:00:00Z,USD,CAD,134.009755
2025-11-20T21:00:00Z,USD,CAD,134.009014
2025-11-21T21:00:00Z,USD,CAD,134.008691
2025-11-22T21:00:00Z,USD,CAD,134.008029
2025-11-23T21:00:00Z,USD,CAD,134.009301
2025-11-24T21:00:00Z,USD,CAD,134.008304
2025-11-25T21:00:00Z,USD,CAD,134.008497
2025-11-26T21:00:00Z,USD,CAD,134.009263
2025-11-27T21:00:00Z,USD,CAD,134.009816
2025-11-28T21:00:00Z,USD,CAD,134.008557
2025-11-29T21:00:00Z,USD,CAD,134.008310
2025-11-30T21:00:00Z,USD,CAD,134.008097
2025-12-01T21:00:00Z,USD,CAD,134.007223
2025-12-02T21:00:00Z,USD,CAD,134.007295
2025-12-03T21:00:00Z,USD,CAD,134.007751
2025-12-04T21:00:00Z,USD,CAD,134.006377
2025-12-05T21:00:00Z,USD,CAD,134.006114
2025-12-06T21:00:00Z,USD,CAD,134.006553
2025-12-07T21:00:00Z,USD,CAD,134.007297
2025-12-08T21:00:00Z,USD,CAD,134.007814
2025-12-09T21:00:00Z,USD,CAD,134.006629
2025-12-10T21:00:00Z,USD,CAD,134.005039
2025-12-11T21:00:00Z,USD,CAD,134.003929
2025-12-12T21:00:00Z,USD,CAD,134.004576
2025-12-13T21:00:00Z,USD,CAD,134.004360
2025-12-14T21:00:00Z,USD,CAD,134.004122
2025-12-15T21:00:00Z,USD,CAD,134.002538
2025-12-16T21:00:00Z,USD,CAD,134.003223
2025-12-17T21:00:00Z,USD,CAD,134.002287
2025-12-18T21:00:00Z,USD,CAD,134.002717
2025-12-19T21:00:00Z,USD,CAD,134.002379
2025-12-20T21:00:00Z,USD,CAD,134.000945
2025-12-21T21:00:00Z,USD,CAD,134.000006
2025-12-22T21:00:00Z,USD,CAD,134.000371
2025-12-23T21:00:00Z,USD,CAD,133.009742
2025-12-24T21:00:00Z,USD,CAD,133.009922
2025-12-25T21:00:00Z,USD,CAD,134.000569
2025-12-26T21:00:00Z,USD,CAD,134.000270
2025-12-27T21:00:00Z,USD,CAD,134.001527
2025-12-28T21:00:00Z,USD,CAD,134.002272
2025-12-29T21:00:00Z,USD,CAD,134.001940
2025-12-30T21:00:00Z,USD,CAD,134.001697
2025-12-31T21:00:00Z,USD,CAD,134.001020
2026-01-01T21:00:00Z,USD,CAD,134.001694
2026-01-02T21:00:00Z,USD,CAD,134.001069
2026-01-03T21:00:00Z,USD,CAD,134.000778
2026-01-04T21:00:00Z,USD,CAD,134.001297
2026-01-05T21:00:00Z,USD,CAD,134.002179
2026-01-06T21:00:00Z,USD,CAD,134.001500
2026-01-07T21:00:00Z,USD,CAD,134.000992
2026-01-08T21:00:00Z,USD,CAD,133.009731
2026-01-09T21:00:00Z,USD,CAD,133.009083
2026-01-10T21:00:00Z,USD,CAD,133.009198
2026-01-11T21:00:00Z,USD,CAD,133.008554
2026-01-12T21:00:00Z,USD,CAD,133.008003
2026-01-13T21:00:00Z,USD,CAD,133.007118
2026-01-14T21:00:00Z,USD,CAD,133.007887
2026-01-15T21:00:00Z,USD,CAD,133.008837
2026-01-16T21:00:00Z,USD,CAD,133.008392
2026-01-17T21:00:00Z,USD,CAD,133.009410
2026-01-18T21:00:00Z,USD,CAD,133.009266
2026-01-19T21:00:00Z,USD,CAD,133.008864
2026-01-20T21:00:00Z,USD,CAD,133.008737
2026-01-21T21:00:00Z,USD,CAD,133.009635
2026-01-22T21:00:00Z,USD,CAD,134.001662
2026-01-23T21:00:00Z,USD,CAD,134.001687
2026-01-24T21:00:00Z,USD,CAD,134.002619
2026-01-25T21:00:00Z,USD,CAD,134.002159
2026-01-26T21:00:00Z,USD,CAD,134.003094
2026-01-27T21:00:00Z,USD,CAD,134.002415
2026-01-28T21:00:00Z,USD,CAD,134.001672
2026-01-29T21:00:00Z,USD,CAD,134.002773
2026-01-30T21:00:00Z,USD,CAD,134.001372
2026-01-31T21:00:00Z,USD,CAD,134.001886
2026-02-01T21:00:00Z,USD,CAD,134.002636
2026-02-02T21:00:00Z,USD,CAD,134.003705
2026-02-03T21:00:00Z,USD,CAD,134.002712
2026-02-04T21:00:00Z,USD,CAD,134.002734
2026-02-05T21:00:00Z,USD,CAD,134.002232
2026-02-06T21:00:00Z,USD,CAD,134.001362
2026-02-07T21:00:00Z,USD,CAD,134.001556
2026-02-08T21:00:00Z,USD,CAD,134.001984
2026-02-09T21:00:00Z,USD,CAD,134.001618
2026-02-10T21:00:00Z,USD,CAD,134.001036
2026-02-11T21:00:00Z,USD,CAD,134.001756
2026-02-12T21:00:00Z,USD,CAD,134.001135
2026-02-13T21:00:00Z,USD,CAD,134.001116
2026-02-14T21:00:00Z,USD,CAD,134.000942
2026-02-15T21:00:00Z,USD,CAD,134.000598
2026-02-16T21:00:00Z,USD,CAD,134.001383
2026-02-17T21:00:00Z,USD,CAD,134.001269
2026-02-18T21:00:00Z,USD,CAD,134.001169
2026-02-19T21:00:00Z,USD,CAD,134.001093
2026-02-20T21:00:00Z,USD,CAD,134.001512
2026-02-21T21:00:00Z,USD,CAD,134.003056
2026-02-22T21:00:00Z,USD,CAD,134.002248
2026-02-23T21:00:00Z,USD,CAD,134.002986
2026-02-24T21:00:00Z,USD,CAD,134.002194
2026-02-25T21:00:00Z,USD,CAD,134.001415
2026-02-26T21:00:00Z,USD,CAD,134.002734
2026-02-27T21:00:00Z,USD,CAD,134.003347
2026-02-28T21:00:00Z,USD,CAD,134.003704
2026-03-01T21:00:00Z,USD,CAD,134.003993
2026-03-02T21:00:00Z,USD,CAD,134.003351
2026-03-03T21:00:00Z,USD,CAD,134.003054
2026-03-04T21:00:00Z,USD,CAD,134.002981
2026-03-05T21:00:00Z,USD,CAD,134.003239
2026-03-06T21:00:00Z,USD,CAD,134.004111
2026-03-07T21:00:00Z,USD,CAD,134.004272
2026-03-08T21:00:00Z,USD,CAD,134.003328
2026-03-09T21:00:00Z,USD,CAD,134.002805
2026-03-10T21:00:00Z,USD,CAD,134.002864
2026-03-11T21:00:00Z,USD,CAD,134.002408
2026-03-12T21:00:00Z,USD,CAD,134.004111
2026-03-13T21:00:00Z,USD,CAD,134.005136
2026-03-14T21:00:00Z,USD,CAD,134.006770
2026-03-15T21:00:00Z,USD,CAD,134.007789
2026-03-16T21:00:00Z,USD,CAD,134.008177
2026-03-17T21:00:00Z,USD,CAD,134.008182
2026-03-18T21:00:00Z,USD,CAD,134.007973
2026-03-19T21:00:00Z,USD,CAD,134.007157
2026-03-20T21:00:00Z,USD,CAD,134.006428
2026-03-21T21:00:00Z,USD,CAD,134.006800
2026-03-22T21:00:00Z,USD,CAD,134.005716
2026-03-23T21:00:00Z,USD,CAD,134.005253
2026-03-24T21:00:00Z,USD,CAD,134.005711
2026-03-25T21:00:00Z,USD,CAD,134.005835
2026-03-26T21:00:00Z,USD,CAD,134.006392
2026-03-27T21:00:00Z,USD,CAD,134.006794
2026-03-28T21:00:00Z,USD,CAD,134.008016
2026-03-29T21:00:00Z,USD,CAD,134.008041
2026-03-30T21:00:00Z,USD,CAD,134.007817
2026-03-31T21:00:00Z,USD,CAD,134.006698
2026-04-01T21:00:00Z,USD,CAD,134.006843
2026-04-02T21:00:00Z,USD,CAD,134.006908
2026-04-03T21:00:00Z,USD,CAD,134.005884
2026-04-04T21:00:00Z,USD,CAD,134.006588
2026-04-05T21:00:00Z,USD,CAD,134.006366
2026-04-06T21:00:00Z,USD,CAD,134.006687
2026-04-07T21:00:00Z,USD,CAD,134.006167
2026-04-08T21:00:00Z,USD,CAD,134.006540
2026-04-09T21:00:00Z,USD,CAD,134.007390
2026-04-10T21:00:00Z,USD,CAD,134.006910
2026-04-11T21:00:00Z,USD,CAD,134.006841
2026-04-12T21:00:00Z,USD,CAD,134.006208
2026-04-13T21:00:00Z,USD,CAD,134.005760
2026-04-14T21:00:00Z,USD,CAD,134.004734
2026-04-15T21:00:00Z,USD,CAD,134.004183
2026-04-16T21:00:00Z,USD,CAD,134.003649
2026-04-17T21:00:00Z,USD,CAD,134.003140
2026-04-18T21:00:00Z,USD,CAD,134.003255
2026-04-19T21:00:00Z,USD,CAD,134.001663
2026-04-20T21:00:00Z,USD,CAD,134.001914
2026-04-21T21:00:00Z,USD,CAD,134.002184
2026-04-22T21:00:00Z,USD,CAD,134.001459
2026-04-23T21:00:00Z,USD,CAD,134.000776
2026-04-24T21:00:00Z,USD,CAD,134.000845
2026-04-25T21:00:00Z,USD,CAD,134.000642
2026-04-26T21:00:00Z,USD,CAD,134.000935
2026-04-27T21:00:00Z,USD,CAD,133.009826
2026-04-28T21:00:00Z,USD,CAD,133.009887
2026-04-29T21:00:00Z,USD,CAD,133.009843
2026-04-30T21:00:00Z,USD,CAD,133.009617
2026-05-01T21:00:00Z,USD,CAD,133.008208
2026-05-02T21:00:00Z,USD,CAD,133.006543
2026-05-03T21:00:00Z,USD,CAD,133.007760
2026-05-04T21:00:00Z,USD,CAD,133.008269
2026-05-05T21:00:00Z,USD,CAD,133.007883
2026-05-06T21:00:00Z,USD,CAD,133.008969
2026-05-07T21:00:00Z,USD,CAD,133.009480
2026-05-08T21:00:00Z,USD,CAD,133.009758
2026-05-09T21:00:00Z,USD,CAD,133.009447
2026-05-10T21:00:00Z,USD,CAD,133.009738
2026-05-11T21:00:00Z,USD,CAD,133.008814
2026-05-12T21:00:00Z,USD,CAD,133.008893
2026-05-13T21:00:00Z,USD,CAD,133.008170
2026-05-14T21:00:00Z,USD,CAD,133.008874
2026-05-15T21:00:00Z,USD,CAD,133.007900
2026-05-16T21:00:00Z,USD,CAD,133.007833
2026-05-17T21:00:00Z,USD,CAD,133.008709
2026-05-18T21:00:00Z,USD,CAD,133.009157
2026-05-19T21:00:00Z,USD,CAD,134.000053
2026-05-20T21:00:00Z,USD,CAD,133.009154
2026-05-21T21:00:00Z,USD,CAD,133.009441
2026-05-22T21:00:00Z,USD,CAD,133.009110
2026-05-23T21:00:00Z,USD,CAD,133.009486
2026-05-24T21:00:00Z,USD,CAD,133.009473
2026-05-25T21:00:00Z,USD,CAD,134.000206
2026-05-26T21:00:00Z,USD,CAD,133.009594
2026-05-27T21:00:00Z,USD,CAD,133.009505
2026-05-28T21:00:00Z,USD,CAD,133.009136
2026-05-29T21:00:00Z,USD,CAD,133.009333
2026-05-30T21:00:00Z,USD,CAD,133.008492
2026-05-31T21:00:00Z,USD,CAD,133.008910
2026-06-01T21:00:00Z,USD,CAD,133.009751
2026-06-02T21:00:00Z,USD,CAD,134.000669
2026-06-03T21:00:00Z,USD,CAD,133.009876
2026-06-04T21:00:00Z,USD,CAD,134.001035
2026-06-05T21:00:00Z,USD,CAD,134.002043
2026-06-06T21:00:00Z,USD,CAD,134.000735
2026-06-07T21:00:00Z,USD,CAD,133.009792
2026-06-08T21:00:00Z,USD,CAD,133.008680
2026-06-09T21:00:00Z,USD,CAD,133.009049
2026-06-10T21:00:00Z,USD,CAD,133.009711
2026-06-11T21:00:00Z,USD,CAD,133.009488
2026-06-12T21:00:00Z,USD,CAD,133.007768
2026-06-13T21:00:00Z,USD,CAD,133.006656
2026-06-14T21:00:00Z,USD,CAD,133.007112
2026-06-15T21:00:00Z,USD,CAD,133.006670
2026-06-16T21:00:00Z,USD,CAD,133.007684
2026-06-17T21:00:00Z,USD,CAD,133.007893
2026-06-18T21:00:00Z,USD,CAD,133.008206
2026-06-19T21:00:00Z,USD,CAD,133.007905
2026-06-20T21:00:00Z,USD,CAD,133.007427
2026-06-21T21:00:00Z,USD,CAD,133.007526
2026-06-22T21:00:00Z,USD,CAD,133.008073
2026-06-23T21:00:00Z,USD,CAD,133.007647
2026-06-24T21:00:00Z,USD,CAD,133.007129
2026-06-25T21:00:00Z,USD,CAD,133.008455
2026-06-26T21:00:00Z,USD,CAD,133.009537
