open_time_utc,open,high,low,close,volume
2023-01-03T14:30:00Z,144.42,144.53,143.85,144.42,56250000
2023-01-04T14:30:00Z,144.42,147.06,144.32,146.09,52650000
2023-01-05T14:30:00Z,146.09,147.26,146.09,146.27,49950000
2023-01-06T14:30:00Z,146.27,146.70,143.28,144.50,53100000
2023-01-09T14:30:00Z,144.50,149.02,143.75,148.14,60300000
2023-01-10T14:30:00Z,148.14,148.68,145.01,146.89,51300000
2023-01-11T14:30:00Z,146.89,147.63,145.11,145.28,27900000
2023-01-12T14:30:00Z,145.28,147.94,144.76,146.28,58050000
2023-01-13T14:30:00Z,146.28,147.31,144.90,146.60,44100000
2023-01-17T14:30:00Z,146.60,147.40,144.22,145.58,58050000
2023-01-18T14:30:00Z,145.58,146.08,144.57,145.97,28800000
2023-01-19T14:30:00Z,145.97,147.60,144.44,146.33,63000000
2023-01-20T14:30:00Z,146.33,147.10,144.43,144.47,58950000
2023-01-23T14:30:00Z,144.47,144.93,142.45,143.84,37350000
2023-01-24T14:30:00Z,143.84,144.32,142.58,143.16,32400000
2023-01-25T14:30:00Z,143.16,145.39,142.91,145.10,40500000
2023-01-26T14:30:00Z,145.10,149.29,144.31,147.61,39600000
2023-01-27T14:30:00Z,147.61,149.36,145.24,145.80,43200000
2023-01-30T14:30:00Z,145.80,147.38,141.96,143.61,49950000
2023-01-31T14:30:00Z,143.61,146.56,142.48,144.94,51750000
2023-02-01T14:30:00Z,144.94,145.72,142.43,144.08,38250000
2023-02-02T14:30:00Z,144.08,144.68,141.09,141.31,40950000
2023-02-03T14:30:00Z,141.31,144.72,139.94,143.21,36450000
2023-02-06T14:30:00Z,143.21,144.57,141.14,142.23,29700000
2023-02-07T14:30:00Z,142.23,144.02,140.88,141.30,57150000
2023-02-08T14:30:00Z,141.30,141.44,139.12,140.80,30600000
2023-02-09T14:30:00Z,140.80,142.66,140.30,141.25,35550000
2023-02-10T14:30:00Z,141.25,142.63,141.10,141.47,60300000
2023-02-13T14:30:00Z,141.47,142.60,140.77,142.21,54450000
2023-02-14T14:30:00Z,142.21,145.99,141.09,144.32,52650000
2023-02-15T14:30:00Z,144.32,150.85,142.64,149.21,43200000
2023-02-16T14:30:00Z,149.21,150.56,144.34,145.13,47700000
2023-02-17T14:30:00Z,145.13,145.79,144.61,145.50,60300000
2023-02-21T14:30:00Z,145.50,149.57,145.23,148.24,32400000
2023-02-22T14:30:00Z,148.24,149.66,146.88,147.24,30600000
2023-02-23T14:30:00Z,147.24,148.40,145.48,146.13,62100000
2023-02-24T14:30:00Z,146.13,146.94,144.37,145.03,37350000
2023-02-27T14:30:00Z,145.03,146.34,142.97,143.47,48150000
2023-02-28T14:30:00Z,143.47,146.39,142.47,146.19,59400000
2023-03-01T14:30:00Z,146.19,147.39,144.44,147.28,55350000
2023-03-02T14:30:00Z,147.28,148.55,146.87,147.67,43200000
2023-03-03T14:30:00Z,147.67,148.64,145.87,146.08,27000000
2023-03-06T14:30:00Z,146.08,147.78,141.67,142.36,41400000
2023-03-07T14:30:00Z,142.36,144.64,141.60,144.56,36900000
2023-03-08T14:30:00Z,144.56,144.95,144.35,144.61,44100000
2023-03-09T14:30:00Z,144.61,145.01,143.15,144.39,53100000
2023-03-10T14:30:00Z,144.39,144.63,140.51,140.76,36000000
2023-03-13T13:30:00Z,140.76,141.26,137.86,139.52,29700000
2023-03-14T13:30:00Z,139.52,140.90,137.06,138.01,56250000
2023-03-15T13:30:00Z,138.01,139.62,135.84,136.67,45000000
2023-03-16T13:30:00Z,136.67,137.48,136.02,137.43,57600000
2023-03-17T13:30:00Z,137.43,140.77,136.12,139.82,58500000
2023-03-20T13:30:00Z,139.82,141.96,139.17,140.30,43200000
2023-03-21T13:30:00Z,140.30,143.44,139.62,143.40,45450000
2023-03-22T13:30:00Z,143.40,144.27,142.16,143.61,61650000
2023-03-23T13:30:00Z,143.61,145.61,143.43,143.76,28800000
2023-03-24T13:30:00Z,143.76,143.96,141.73,141.94,61200000
2023-03-27T13:30:00Z,141.94,143.14,141.65,142.23,46350000
2023-03-28T13:30:00Z,142.23,144.18,141.44,144.06,45900000
2023-03-29T13:30:00Z,144.06,145.60,142.22,143.46,30600000
2023-03-30T13:30:00Z,143.46,144.22,140.22,140.96,57150000
2023-03-31T13:30:00Z,140.96,141.43,140.27,141.27,33300000
2023-04-03T13:30:00Z,141.27,146.36,140.82,144.94,40050000
2023-04-04T13:30:00Z,144.94,146.69,144.16,146.21,36000000
2023-04-05T13:30:00Z,146.21,147.45,144.32,145.61,32400000
2023-04-06T13:30:00Z,145.61,146.90,144.80,146.39,29250000
2023-04-10T13:30:00Z,146.39,147.10,145.29,145.37,35550000
2023-04-11T13:30:00Z,145.37,146.27,142.56,143.55,27450000
2023-04-12T13:30:00Z,143.55,148.25,142.75,147.25,30600000
2023-04-13T13:30:00Z,147.25,149.52,146.61,148.26,53100000
2023-04-14T13:30:00Z,148.26,150.22,146.84,148.97,45000000
2023-04-17T13:30:00Z,148.97,152.51,148.44,151.29,60300000
2023-04-18T13:30:00Z,151.29,152.92,150.59,150.68,27900000
2023-04-19T13:30:00Z,150.68,155.13,150.16,154.92,56700000
2023-04-20T13:30:00Z,154.92,155.98,150.80,151.83,32850000
2023-04-21T13:30:00Z,151.83,155.30,150.36,154.00,60300000
2023-04-24T13:30:00Z,154.00,154.93,150.72,151.55,49050000
2023-04-25T13:30:00Z,151.55,152.03,149.63,151.55,43650000
2023-04-26T13:30:00Z,151.55,153.45,149.63,150.85,38700000
2023-04-27T13:30:00Z,150.85,153.29,150.66,152.38,32850000
2023-04-28T13:30:00Z,152.38,155.01,150.66,154.46,40050000
2023-05-01T13:30:00Z,154.46,158.80,153.24,157.39,55350000
2023-05-02T13:30:00Z,157.39,158.96,155.12,155.94,38700000
2023-05-03T13:30:00Z,155.94,157.62,152.97,154.48,32400000
2023-05-04T13:30:00Z,154.48,158.56,152.54,156.84,31500000
2023-05-05T13:30:00Z,156.84,159.03,155.83,157.74,27000000
2023-05-08T13:30:00Z,157.74,158.05,157.51,157.85,38250000
2023-05-09T13:30:00Z,157.85,161.91,157.32,160.84,62100000
2023-05-10T13:30:00Z,160.84,165.09,160.72,164.24,52650000
2023-05-11T13:30:00Z,164.24,164.63,163.24,163.33,33300000
2023-05-12T13:30:00Z,163.33,164.41,162.24,164.32,56250000
2023-05-15T13:30:00Z,164.32,165.51,159.84,161.37,40050000
2023-05-16T13:30:00Z,161.37,162.19,159.41,161.74,28350000
2023-05-17T13:30:00Z,161.74,161.96,159.42,159.91,57600000
2023-05-18T13:30:00Z,159.91,161.11,159.47,161.07,53550000
2023-05-19T13:30:00Z,161.07,163.99,159.85,162.32,53100000
2023-05-22T13:30:00Z,162.32,162.62,157.31,159.20,36900000
2023-05-23T13:30:00Z,159.20,161.41,159.19,159.64,49500000
2023-05-24T13:30:00Z,159.64,162.79,158.35,161.68,60300000
2023-05-25T13:30:00Z,161.68,163.65,159.84,160.32,54900000
2023-05-26T13:30:00Z,160.32,162.80,159.60,160.92,52200000
2023-05-30T13:30:00Z,160.92,161.29,160.02,160.38,28350000
2023-05-31T13:30:00Z,160.38,164.65,158.30,162.57,60750000
2023-06-01T13:30:00Z,162.57,166.42,160.92,164.74,49500000
2023-06-02T13:30:00Z,164.74,164.97,162.52,164.57,30600000
2023-06-05T13:30:00Z,164.57,168.33,164.26,168.10,40050000
2023-06-06T13:30:00Z,168.10,171.59,167.47,170.20,56700000
2023-06-07T13:30:00Z,170.20,170.84,167.60,169.29,34200000
2023-06-08T13:30:00Z,169.29,170.00,165.03,165.21,51300000
2023-06-09T13:30:00Z,165.21,166.92,163.51,164.10,57600000
2023-06-12T13:30:00Z,164.10,164.19,161.53,163.42,49050000
2023-06-13T13:30:00Z,163.42,164.05,161.80,162.35,27450000
2023-06-14T13:30:00Z,162.35,164.65,161.72,164.44,59850000
2023-06-15T13:30:00Z,164.44,164.76,163.82,164.34,49500000
2023-06-16T13:30:00Z,164.34,165.99,162.20,162.99,38700000
2023-06-20T13:30:00Z,162.99,164.42,161.15,162.35,40050000
2023-06-21T13:30:00Z,162.35,163.68,160.24,162.20,53550000
2023-06-22T13:30:00Z,162.20,162.39,160.18,160.62,52650000
2023-06-23T13:30:00Z,160.62,162.51,153.89,154.66,40950000
2023-06-26T13:30:00Z,154.66,155.89,154.29,155.29,58500000
2023-06-27T13:30:00Z,155.29,155.94,152.90,154.35,30600000
2023-06-28T13:30:00Z,154.35,155.83,151.63,152.94,40950000
2023-06-29T13:30:00Z,152.94,153.76,151.21,151.96,53100000
2023-06-30T13:30:00Z,151.96,153.92,148.78,150.57,39150000
2023-07-03T13:30:00Z,150.57,152.20,149.94,150.85,37800000
2023-07-05T13:30:00Z,150.85,156.98,149.56,155.48,29700000
2023-07-06T13:30:00Z,155.48,157.03,154.57,156.11,32400000
2023-07-07T13:30:00Z,156.11,157.62,155.62,156.75,27000000
2023-07-10T13:30:00Z,156.75,157.48,153.07,154.96,37800000
2023-07-11T13:30:00Z,154.96,155.37,152.18,152.57,35100000
2023-07-12T13:30:00Z,152.57,154.91,151.75,154.08,42300000
2023-07-13T13:30:00Z,154.08,154.37,150.63,151.02,28800000
2023-07-14T13:30:00Z,151.02,152.47,150.01,151.26,29700000
2023-07-17T13:30:00Z,151.26,152.56,144.95,146.41,35550000
2023-07-18T13:30:00Z,146.41,149.43,145.02,147.94,39600000
2023-07-19T13:30:00Z,147.94,148.51,145.82,146.44,28800000
2023-07-20T13:30:00Z,146.44,148.39,146.37,146.58,60300000
2023-07-21T13:30:00Z,146.58,146.65,140.21,141.39,44100000
2023-07-24T13:30:00Z,141.39,142.32,141.34,141.50,28800000
2023-07-25T13:30:00Z,141.50,142.83,139.61,141.37,33300000
2023-07-26T13:30:00Z,141.37,142.85,137.84,138.21,49950000
2023-07-27T13:30:00Z,138.21,139.59,135.15,135.92,46800000
2023-07-28T13:30:00Z,135.92,136.50,133.90,134.61,46800000
2023-07-31T13:30:00Z,134.61,134.78,130.00,130.67,48600000
2023-08-01T13:30:00Z,130.67,134.02,128.99,133.23,40050000
2023-08-02T13:30:00Z,133.23,133.78,131.87,132.91,54000000
2023-08-03T13:30:00Z,132.91,133.00,129.19,130.23,51300000
2023-08-04T13:30:00Z,130.23,132.23,128.72,130.85,61650000
2023-08-07T13:30:00Z,130.85,132.37,129.48,131.49,55350000
2023-08-08T13:30:00Z,131.49,133.45,131.03,132.02,31950000
2023-08-09T13:30:00Z,132.02,132.78,131.54,132.78,38700000
2023-08-10T13:30:00Z,132.78,132.99,130.42,130.58,31050000
2023-08-11T13:30:00Z,130.58,134.09,129.24,132.94,34200000
2023-08-14T13:30:00Z,132.94,134.48,132.61,133.55,58950000
2023-08-15T13:30:00Z,133.55,134.76,132.46,134.60,42300000
2023-08-16T13:30:00Z,134.60,135.86,131.53,131.88,61650000
2023-08-17T13:30:00Z,131.88,134.40,131.48,132.94,43650000
2023-08-18T13:30:00Z,132.94,133.09,131.10,131.29,53100000
2023-08-21T13:30:00Z,131.29,135.96,130.66,135.25,56700000
2023-08-22T13:30:00Z,135.25,138.10,134.04,136.71,39150000
2023-08-23T13:30:00Z,136.71,137.65,135.65,136.83,59400000
2023-08-24T13:30:00Z,136.83,138.00,134.54,136.25,45900000
2023-08-25T13:30:00Z,136.25,137.64,135.60,136.69,31950000
2023-08-28T13:30:00Z,136.69,137.21,136.42,136.70,60300000
2023-08-29T13:30:00Z,136.70,138.01,133.58,133.78,37800000
2023-08-30T13:30:00Z,133.78,136.57,132.88,136.04,38700000
2023-08-31T13:30:00Z,136.04,136.63,135.88,136.42,55350000
2023-09-01T13:30:00Z,136.42,136.93,134.10,135.66,48150000
2023-09-05T13:30:00Z,135.66,136.96,134.57,135.23,52200000
2023-09-06T13:30:00Z,135.23,135.40,134.32,135.27,54000000
2023-09-07T13:30:00Z,135.27,136.64,130.94,132.28,40950000
2023-09-08T13:30:00Z,132.28,132.50,131.71,131.93,33300000
2023-09-11T13:30:00Z,131.93,133.40,131.10,133.07,50850000
2023-09-12T13:30:00Z,133.07,133.35,133.00,133.33,40500000
2023-09-13T13:30:00Z,133.33,134.71,131.86,134.55,37800000
2023-09-14T13:30:00Z,134.55,135.42,132.29,133.70,40950000
2023-09-15T13:30:00Z,133.70,134.22,130.65,130.65,49950000
2023-09-18T13:30:00Z,130.65,132.23,130.36,130.37,40500000
2023-09-19T13:30:00Z,130.37,131.53,129.31,129.45,40500000
2023-09-20T13:30:00Z,129.45,130.99,126.00,127.01,60300000
2023-09-21T13:30:00Z,127.01,127.68,125.39,126.38,48150000
2023-09-22T13:30:00Z,126.38,129.26,126.11,127.68,30150000
2023-09-25T13:30:00Z,127.68,128.26,125.95,127.09,46350000
2023-09-26T13:30:00Z,127.09,130.01,125.80,128.79,32400000
2023-09-27T13:30:00Z,128.79,128.80,128.15,128.39,35100000
2023-09-28T13:30:00Z,128.39,129.80,128.17,128.17,52200000
2023-09-29T13:30:00Z,128.17,130.53,127.50,130.13,29250000
2023-10-02T13:30:00Z,130.13,131.90,129.78,130.83,46800000
2023-10-03T13:30:00Z,130.83,131.87,130.64,131.31,45000000
2023-10-04T13:30:00Z,131.31,132.89,129.86,131.06,62100000
2023-10-05T13:30:00Z,131.06,133.76,130.20,132.51,30600000
2023-10-06T13:30:00Z,132.51,134.08,129.86,130.36,56700000
2023-10-09T13:30:00Z,130.36,131.18,128.82,129.89,46350000
2023-10-10T13:30:00Z,129.89,131.05,127.34,128.75,54450000
2023-10-11T13:30:00Z,128.75,130.68,127.69,129.84,48600000
2023-10-12T13:30:00Z,129.84,130.55,125.79,125.95,50850000
2023-10-13T13:30:00Z,125.95,127.23,124.37,126.40,42750000
2023-10-16T13:30:00Z,126.40,127.59,126.00,127.44,61650000
2023-10-17T13:30:00Z,127.44,128.12,125.54,126.03,53100000
2023-10-18T13:30:00Z,126.03,127.82,125.96,127.32,49500000
2023-10-19T13:30:00Z,127.32,131.04,126.89,129.79,37350000
2023-10-20T13:30:00Z,129.79,134.45,129.33,133.55,37800000
2023-10-23T13:30:00Z,133.55,134.35,129.29,129.86,33300000
2023-10-24T13:30:00Z,129.86,131.50,127.20,128.66,59850000
2023-10-25T13:30:00Z,128.66,131.20,127.15,130.25,53100000
2023-10-26T13:30:00Z,130.25,130.32,129.94,130.05,40950000
2023-10-27T13:30:00Z,130.05,130.20,126.22,127.67,52650000
2023-10-30T13:30:00Z,127.67,128.89,125.04,126.13,51750000
2023-10-31T13:30:00Z,126.13,127.07,124.05,125.25,41400000
2023-11-01T13:30:00Z,125.25,126.75,123.86,124.39,43200000
2023-11-02T13:30:00Z,124.39,125.40,123.81,124.63,50400000
2023-11-03T13:30:00Z,124.63,124.75,123.25,124.46,44100000
2023-11-06T14:30:00Z,124.46,125.46,124.07,124.68,35550000
2023-11-07T14:30:00Z,124.68,126.46,124.36,126.12,53550000
2023-11-08T14:30:00Z,126.12,127.59,123.62,124.44,42750000
2023-11-09T14:30:00Z,124.44,125.08,123.01,123.74,59400000
2023-11-10T14:30:00Z,123.74,124.45,122.05,122.36,31500000
2023-11-13T14:30:00Z,122.36,124.92,122.05,123.60,52650000
2023-11-14T14:30:00Z,123.60,126.92,123.59,125.33,27900000
2023-11-15T14:30:00Z,125.33,126.90,123.04,124.47,43200000
2023-11-16T14:30:00Z,124.47,126.92,123.49,125.31,27000000
2023-11-17T14:30:00Z,125.31,127.57,125.11,126.66,41850000
2023-11-20T14:30:00Z,126.66,127.38,124.22,125.03,57600000
2023-11-21T14:30:00Z,125.03,125.88,122.27,123.84,58050000
2023-11-22T14:30:00Z,123.84,124.76,122.67,123.08,35550000
2023-11-24T14:30:00Z,123.08,123.41,121.99,123.16,54450000
2023-11-27T14:30:00Z,123.16,123.34,120.95,121.48,30150000
2023-11-28T14:30:00Z,121.48,123.02,120.14,121.27,46350000
2023-11-29T14:30:00Z,121.27,121.75,120.91,121.18,28800000
2023-11-30T14:30:00Z,121.18,122.24,119.86,121.20,53550000
2023-12-01T14:30:00Z,121.20,124.20,119.87,123.90,44550000
2023-12-04T14:30:00Z,123.90,125.07,118.61,119.79,41850000
2023-12-05T14:30:00Z,119.79,120.96,118.87,119.38,59850000
2023-12-06T14:30:00Z,119.38,120.93,117.85,118.95,36000000
2023-12-07T14:30:00Z,118.95,119.36,117.98,118.41,62100000
2023-12-08T14:30:00Z,118.41,119.58,118.33,118.77,51750000
2023-12-11T14:30:00Z,118.77,120.29,115.28,115.61,47250000
2023-12-12T14:30:00Z,115.61,117.06,115.15,115.50,37350000
2023-12-13T14:30:00Z,115.50,115.50,114.29,114.76,36450000
2023-12-14T14:30:00Z,114.76,116.14,113.97,115.04,27900000
2023-12-15T14:30:00Z,115.04,115.56,112.57,113.98,28350000
2023-12-18T14:30:00Z,113.98,114.88,112.82,113.78,48600000
2023-12-19T14:30:00Z,113.78,114.33,111.58,112.53,27450000
2023-12-20T14:30:00Z,112.53,113.83,111.51,113.28,54900000
2023-12-21T14:30:00Z,113.28,114.17,112.39,113.63,42750000
2023-12-22T14:30:00Z,113.63,114.16,112.03,113.28,58950000
2023-12-26T14:30:00Z,113.28,113.55,112.48,113.31,61650000
2023-12-27T14:30:00Z,113.31,114.57,109.83,111.16,60750000
2023-12-28T14:30:00Z,111.16,111.70,109.74,111.03,49050000
2023-12-29T14:30:00Z,111.03,112.27,109.80,109.90,29250000
2024-01-02T14:30:00Z,109.90,112.29,108.67,111.25,33300000
2024-01-03T14:30:00Z,111.25,112.26,108.55,109.80,60750000
2024-01-04T14:30:00Z,109.80,111.38,109.73,110.56,59850000
2024-01-05T14:30:00Z,110.56,111.60,109.34,111.34,35550000
2024-01-08T14:30:00Z,111.34,112.29,110.43,111.59,34650000
2024-01-09T14:30:00Z,111.59,112.99,110.76,112.54,41400000
2024-01-10T14:30:00Z,112.54,114.74,111.23,113.53,43200000
2024-01-11T14:30:00Z,113.53,115.22,112.18,114.12,41850000
2024-01-12T14:30:00Z,114.12,114.45,112.47,112.59,38700000
2024-01-16T14:30:00Z,112.59,113.92,110.93,111.68,58500000
2024-01-17T14:30:00Z,111.68,113.28,111.33,112.67,44100000
2024-01-18T14:30:00Z,112.67,114.35,112.33,112.94,51750000
2024-01-19T14:30:00Z,112.94,113.33,109.70,110.99,47700000
2024-01-22T14:30:00Z,110.99,112.91,110.36,111.83,41400000
2024-01-23T14:30:00Z,111.83,113.25,110.58,112.22,59850000
2024-01-24T14:30:00Z,112.22,112.70,109.75,110.66,27000000
2024-01-25T14:30:00Z,110.66,111.83,109.31,110.43,46800000
2024-01-26T14:30:00Z,110.43,111.82,108.18,108.76,63000000
2024-01-29T14:30:00Z,108.76,110.01,108.74,109.66,42750000
2024-01-30T14:30:00Z,109.66,109.77,108.88,109.73,27450000
2024-01-31T14:30:00Z,109.73,110.35,107.70,108.01,53100000
2024-02-01T14:30:00Z,108.01,110.79,107.17,109.83,49500000
2024-02-02T14:30:00Z,109.83,110.99,107.96,108.51,54450000
2024-02-05T14:30:00Z,108.51,111.76,107.72,110.60,35100000
2024-02-06T14:30:00Z,110.60,111.68,110.57,110.67,58500000
2024-02-07T14:30:00Z,110.67,111.68,109.94,111.06,38250000
2024-02-08T14:30:00Z,111.06,111.97,108.42,109.67,46800000
2024-02-09T14:30:00Z,109.67,112.42,108.39,111.10,31950000
2024-02-12T14:30:00Z,111.10,112.31,109.11,109.50,52200000
2024-02-13T14:30:00Z,109.50,110.73,107.10,107.48,58950000
2024-02-14T14:30:00Z,107.48,108.15,106.13,107.87,38700000
2024-02-15T14:30:00Z,107.87,108.47,105.91,106.50,49050000
2024-02-16T14:30:00Z,106.50,106.87,104.64,105.85,37350000
2024-02-20T14:30:00Z,105.85,106.41,104.86,105.83,47700000
2024-02-21T14:30:00Z,105.83,105.93,105.01,105.01,53100000
2024-02-22T14:30:00Z,105.01,106.16,102.24,102.36,52650000
2024-02-23T14:30:00Z,102.36,104.51,101.54,104.06,44550000
2024-02-26T14:30:00Z,104.06,104.27,100.99,101.80,58500000
2024-02-27T14:30:00Z,101.80,105.80,101.61,104.94,30150000
2024-02-28T14:30:00Z,104.94,107.05,104.45,106.02,57600000
2024-02-29T14:30:00Z,106.02,106.47,102.90,104.11,39150000
2024-03-01T14:30:00Z,104.11,104.59,102.58,103.39,60300000
2024-03-04T14:30:00Z,103.39,104.43,100.60,101.84,58050000
2024-03-05T14:30:00Z,101.84,103.10,99.11,99.86,30150000
2024-03-06T14:30:00Z,99.86,100.95,98.42,99.12,35100000
2024-03-07T14:30:00Z,99.12,100.48,99.09,99.73,29700000
2024-03-08T14:30:00Z,99.73,99.96,98.49,99.21,41400000
2024-03-11T13:30:00Z,99.21,100.16,97.63,98.33,46800000
2024-03-12T13:30:00Z,98.33,99.58,97.23,99.17,36450000
2024-03-13T13:30:00Z,99.17,100.93,98.57,99.86,56700000
2024-03-14T13:30:00Z,99.86,101.85,98.81,100.69,48600000
2024-03-15T13:30:00Z,100.69,101.56,97.11,97.80,52650000
2024-03-18T13:30:00Z,97.80,97.83,96.07,96.98,31050000
2024-03-19T13:30:00Z,96.98,98.43,95.73,98.11,36900000
2024-03-20T13:30:00Z,98.11,100.16,96.96,99.51,61200000
2024-03-21T13:30:00Z,99.51,99.60,98.70,99.24,49950000
2024-03-22T13:30:00Z,99.24,100.59,98.19,100.10,59400000
2024-03-25T13:30:00Z,100.10,100.41,98.80,100.00,53550000
2024-03-26T13:30:00Z,100.00,100.56,97.21,98.28,57150000
2024-03-27T13:30:00Z,98.28,99.46,98.24,98.67,55800000
2024-03-28T13:30:00Z,98.67,99.91,97.30,97.99,55800000
2024-04-01T13:30:00Z,97.99,98.85,96.91,97.83,29700000
2024-04-02T13:30:00Z,97.83,100.38,97.27,99.52,37800000
2024-04-03T13:30:00Z,99.52,101.48,98.95,100.23,47250000
2024-04-04T13:30:00Z,100.23,101.45,99.42,100.34,39600000
2024-04-05T13:30:00Z,100.34,101.70,99.64,100.89,39150000
2024-04-08T13:30:00Z,100.89,103.30,99.83,103.11,46350000
2024-04-09T13:30:00Z,103.11,104.94,102.80,103.68,51300000
2024-04-10T13:30:00Z,103.68,104.88,103.13,104.05,36450000
2024-04-11T13:30:00Z,104.05,106.01,102.89,104.98,54000000
2024-04-12T13:30:00Z,104.98,105.97,104.48,105.68,37800000
2024-04-15T13:30:00Z,105.68,107.40,104.65,106.10,33750000
2024-04-16T13:30:00Z,106.10,107.47,104.66,105.85,41850000
2024-04-17T13:30:00Z,105.85,106.72,105.45,105.50,58050000
2024-04-18T13:30:00Z,105.50,108.27,104.29,107.39,54450000
2024-04-19T13:30:00Z,107.39,109.82,107.18,109.16,36900000
2024-04-22T13:30:00Z,109.16,109.62,108.06,108.81,27450000
2024-04-23T13:30:00Z,108.81,110.52,107.86,109.63,43650000
2024-04-24T13:30:00Z,109.63,110.06,107.84,108.20,29700000
2024-04-25T13:30:00Z,108.20,109.19,107.55,107.61,60750000
2024-04-26T13:30:00Z,107.61,108.07,105.47,106.10,58050000
2024-04-29T13:30:00Z,106.10,107.60,104.94,107.19,61650000
2024-04-30T13:30:00Z,107.19,108.46,105.58,105.59,50850000
2024-05-01T13:30:00Z,105.59,108.50,104.83,107.55,37350000
2024-05-02T13:30:00Z,107.55,110.68,106.38,110.62,45000000
2024-05-03T13:30:00Z,110.62,112.15,109.80,111.07,53100000
2024-05-06T13:30:00Z,111.07,113.63,109.88,112.18,60750000
2024-05-07T13:30:00Z,112.18,113.58,111.61,113.13,37350000
2024-05-08T13:30:00Z,113.13,114.56,111.45,111.85,45900000
2024-05-09T13:30:00Z,111.85,113.16,111.08,112.37,33750000
2024-05-10T13:30:00Z,112.37,113.40,109.83,111.24,49500000
2024-05-13T13:30:00Z,111.24,111.51,109.98,110.98,58950000
2024-05-14T13:30:00Z,110.98,112.12,109.95,110.24,38700000
2024-05-15T13:30:00Z,110.24,111.35,109.76,110.90,45000000
2024-05-16T13:30:00Z,110.90,112.56,109.75,111.32,32400000
2024-05-17T13:30:00Z,111.32,111.99,109.80,110.84,45900000
2024-05-20T13:30:00Z,110.84,112.02,108.35,108.39,53100000
2024-05-21T13:30:00Z,108.39,111.42,108.10,110.18,60750000
2024-05-22T13:30:00Z,110.18,112.95,109.49,112.26,34200000
2024-05-23T13:30:00Z,112.26,112.59,111.22,111.75,36000000
2024-05-24T13:30:00Z,111.75,112.35,109.03,109.71,50400000
2024-05-28T13:30:00Z,109.71,112.46,108.76,111.07,46350000
2024-05-29T13:30:00Z,111.07,111.82,107.68,109.05,35550000
2024-05-30T13:30:00Z,109.05,110.18,108.98,109.32,31050000
2024-05-31T13:30:00Z,109.32,111.22,109.28,110.33,28800000
2024-06-03T13:30:00Z,110.33,110.53,108.62,109.97,34650000
2024-06-04T13:30:00Z,109.97,110.57,108.54,108.70,46350000
2024-06-05T13:30:00Z,108.70,110.09,107.44,108.54,57150000
2024-06-06T13:30:00Z,108.54,109.58,108.03,108.37,45000000
2024-06-07T13:30:00Z,108.37,109.52,107.41,109.46,54900000
2024-06-10T13:30:00Z,109.46,112.72,108.39,111.66,57600000
2024-06-11T13:30:00Z,111.66,112.27,111.38,111.48,60300000
2024-06-12T13:30:00Z,111.48,113.15,110.50,113.06,50850000
2024-06-13T13:30:00Z,113.06,114.22,112.86,113.01,41850000
2024-06-14T13:30:00Z,113.01,114.02,110.85,111.60,36450000
2024-06-17T13:30:00Z,111.60,112.39,110.04,110.50,53100000
2024-06-18T13:30:00Z,110.50,112.77,109.93,111.71,58950000
2024-06-20T13:30:00Z,111.71,112.61,110.58,112.60,28800000
2024-06-21T13:30:00Z,112.60,113.43,110.63,111.98,54000000
2024-06-24T13:30:00Z,111.98,113.58,110.87,112.64,31950000
2024-06-25T13:30:00Z,112.64,114.13,112.36,113.16,32850000
2024-06-26T13:30:00Z,113.16,115.75,112.94,114.55,38700000
2024-06-27T13:30:00Z,114.55,115.85,113.53,114.46,57150000
2024-06-28T13:30:00Z,114.46,114.96,112.53,113.73,52200000
2024-07-01T13:30:00Z,113.73,117.16,113.46,115.67,36900000
2024-07-02T13:30:00Z,115.67,116.39,114.59,116.31,28800000
2024-07-03T13:30:00Z,116.31,117.19,114.30,114.78,55350000
2024-07-05T13:30:00Z,114.78,116.13,113.73,116.09,51300000
2024-07-08T13:30:00Z,116.09,117.49,115.46,115.86,50400000
2024-07-09T13:30:00Z,115.86,115.87,114.67,114.72,54000000
2024-07-10T13:30:00Z,114.72,117.19,113.28,115.90,32850000
2024-07-11T13:30:00Z,115.90,117.31,113.90,114.89,57600000
2024-07-12T13:30:00Z,114.89,115.84,111.47,111.92,60300000
2024-07-15T13:30:00Z,111.92,114.59,110.83,113.40,41850000
2024-07-16T13:30:00Z,113.40,116.13,112.79,114.87,35100000
2024-07-17T13:30:00Z,114.87,118.62,113.73,118.23,34200000
2024-07-18T13:30:00Z,118.23,120.66,117.41,120.45,31950000
2024-07-19T13:30:00Z,120.45,122.24,119.27,121.18,58500000
2024-07-22T13:30:00Z,121.18,123.58,119.61,123.40,45450000
2024-07-23T13:30:00Z,123.40,124.75,122.76,124.36,45900000
2024-07-24T13:30:00Z,124.36,124.36,123.55,123.98,45900000
2024-07-25T13:30:00Z,123.98,125.25,120.65,121.62,35550000
2024-07-26T13:30:00Z,121.62,124.44,120.47,123.35,36900000
2024-07-29T13:30:00Z,123.35,124.26,122.02,122.15,56700000
2024-07-30T13:30:00Z,122.15,124.19,120.68,123.65,38250000
2024-07-31T13:30:00Z,123.65,126.09,123.46,124.78,36450000
2024-08-01T13:30:00Z,124.78,125.35,124.22,125.34,32400000
2024-08-02T13:30:00Z,125.34,125.49,122.42,124.03,51750000
2024-08-05T13:30:00Z,124.03,125.57,123.22,124.86,43200000
2024-08-06T13:30:00Z,124.86,125.80,123.06,124.07,32850000
2024-08-07T13:30:00Z,124.07,124.47,121.86,122.48,60300000
2024-08-08T13:30:00Z,122.48,126.86,122.39,125.93,54900000
2024-08-09T13:30:00Z,125.93,127.10,122.66,122.80,31050000
2024-08-12T13:30:00Z,122.80,123.75,121.15,121.31,49500000
2024-08-13T13:30:00Z,121.31,124.54,121.08,123.19,49050000
2024-08-14T13:30:00Z,123.19,124.18,121.98,122.08,52200000
2024-08-15T13:30:00Z,122.08,123.96,121.50,122.82,62100000
2024-08-16T13:30:00Z,122.82,124.34,121.76,122.39,38250000
2024-08-19T13:30:00Z,122.39,124.45,121.39,124.12,31950000
2024-08-20T13:30:00Z,124.12,124.55,123.15,124.03,32850000
2024-08-21T13:30:00Z,124.03,125.30,123.04,123.16,42300000
2024-08-22T13:30:00Z,123.16,126.51,122.23,125.99,54900000
2024-08-23T13:30:00Z,125.99,128.67,125.59,128.61,44100000
2024-08-26T13:30:00Z,128.61,129.66,127.16,127.33,56700000
2024-08-27T13:30:00Z,127.33,127.91,125.82,126.23,36450000
2024-08-28T13:30:00Z,126.23,128.96,124.88,128.86,32400000
2024-08-29T13:30:00Z,128.86,130.40,127.68,129.76,45450000
2024-08-30T13:30:00Z,129.76,131.35,127.92,129.59,27450000
2024-09-03T13:30:00Z,129.59,132.45,128.27,131.55,53100000
2024-09-04T13:30:00Z,131.55,131.68,129.60,130.60,58950000
2024-09-05T13:30:00Z,130.60,131.64,129.35,129.75,39600000
2024-09-06T13:30:00Z,129.75,132.01,128.21,130.58,53550000
2024-09-09T13:30:00Z,130.58,131.27,129.44,130.01,28350000
2024-09-10T13:30:00Z,130.01,130.40,128.38,128.59,55800000
2024-09-11T13:30:00Z,128.59,129.97,127.58,128.83,32850000
2024-09-12T13:30:00Z,128.83,129.84,127.38,129.56,51750000
2024-09-13T13:30:00Z,129.56,130.68,126.90,126.96,42750000
2024-09-16T13:30:00Z,126.96,128.92,126.51,128.16,47700000
2024-09-17T13:30:00Z,128.16,129.14,125.33,126.86,36450000
2024-09-18T13:30:00Z,126.86,127.54,125.03,125.79,50400000
2024-09-19T13:30:00Z,125.79,130.64,125.71,129.42,27450000
2024-09-20T13:30:00Z,129.42,129.66,129.13,129.34,40950000
2024-09-23T13:30:00Z,129.34,129.57,126.42,127.90,57150000
2024-09-24T13:30:00Z,127.90,128.15,126.47,127.63,32850000
2024-09-25T13:30:00Z,127.63,128.66,127.15,128.25,58050000
2024-09-26T13:30:00Z,128.25,130.56,127.56,129.48,31050000
2024-09-27T13:30:00Z,129.48,130.12,128.63,129.23,57600000
2024-09-30T13:30:00Z,129.23,129.99,128.32,128.51,31500000
2024-10-01T13:30:00Z,128.51,129.32,127.41,128.98,39150000
2024-10-02T13:30:00Z,128.98,130.20,127.04,128.02,41850000
2024-10-03T13:30:00Z,128.02,128.57,125.31,126.62,54900000
2024-10-04T13:30:00Z,126.62,126.73,124.24,125.31,35550000
2024-10-07T13:30:00Z,125.31,128.26,123.92,126.87,54000000
2024-10-08T13:30:00Z,126.87,128.37,125.44,127.19,42750000
2024-10-09T13:30:00Z,127.19,128.28,125.66,128.25,51750000
2024-10-10T13:30:00Z,128.25,129.77,126.46,126.62,52650000
2024-10-11T13:30:00Z,126.62,127.08,124.35,125.69,58050000
2024-10-14T13:30:00Z,125.69,125.79,124.39,124.72,43650000
2024-10-15T13:30:00Z,124.72,125.96,122.85,123.60,55800000
2024-10-16T13:30:00Z,123.60,126.66,122.79,125.62,34650000
2024-10-17T13:30:00Z,125.62,127.12,124.29,125.35,63000000
2024-10-18T13:30:00Z,125.35,127.15,125.05,126.15,38250000
2024-10-21T13:30:00Z,126.15,126.21,123.42,124.44,34200000
2024-10-22T13:30:00Z,124.44,125.28,122.79,123.73,35550000
2024-10-23T13:30:00Z,123.73,124.10,121.65,122.23,50400000
2024-10-24T13:30:00Z,122.23,123.22,120.10,120.75,54450000
2024-10-25T13:30:00Z,120.75,121.96,119.93,121.36,47250000
2024-10-28T13:30:00Z,121.36,121.89,116.84,118.28,54450000
2024-10-29T13:30:00Z,118.28,119.83,116.83,119.33,32400000
2024-10-30T13:30:00Z,119.33,120.34,118.23,118.49,45450000
2024-10-31T13:30:00Z,118.49,118.72,116.29,117.29,62550000
2024-11-01T13:30:00Z,117.29,118.02,114.55,114.96,56250000
2024-11-04T14:30:00Z,114.96,116.02,113.92,115.63,44100000
2024-11-05T14:30:00Z,115.63,116.45,114.62,115.25,46800000
2024-11-06T14:30:00Z,115.25,115.98,115.08,115.66,55350000
2024-11-07T14:30:00Z,115.66,116.11,113.75,114.36,43650000
2024-11-08T14:30:00Z,114.36,114.42,110.93,112.17,41850000
2024-11-11T14:30:00Z,112.17,113.12,110.06,111.31,51300000
2024-11-12T14:30:00Z,111.31,112.52,109.83,111.26,44550000
2024-11-13T14:30:00Z,111.26,111.50,108.10,109.50,29700000
2024-11-14T14:30:00Z,109.50,110.84,109.09,110.40,43200000
2024-11-15T14:30:00Z,110.40,112.68,109.18,111.95,33750000
2024-11-18T14:30:00Z,111.95,112.19,111.52,112.12,28350000
2024-11-19T14:30:00Z,112.12,113.79,111.64,112.75,30150000
2024-11-20T14:30:00Z,112.75,114.24,111.45,113.26,34650000
2024-11-21T14:30:00Z,113.26,113.97,112.97,113.41,38700000
2024-11-22T14:30:00Z,113.41,114.98,112.50,113.51,47700000
2024-11-25T14:30:00Z,113.51,115.63,112.05,115.45,36900000
2024-11-26T14:30:00Z,115.45,118.06,114.32,116.70,34200000
2024-11-27T14:30:00Z,116.70,120.35,116.31,118.92,35550000
2024-11-29T14:30:00Z,118.92,120.43,117.80,119.02,54000000
2024-12-02T14:30:00Z,119.02,120.29,118.61,119.73,45450000
2024-12-03T14:30:00Z,119.73,121.86,119.69,120.96,36900000
2024-12-04T14:30:00Z,120.96,124.28,120.32,123.51,44550000
2024-12-05T14:30:00Z,123.51,124.27,121.80,122.67,27900000
2024-12-06T14:30:00Z,122.67,124.24,122.54,123.43,43650000
2024-12-09T14:30:00Z,123.43,124.42,118.75,120.19,27450000
2024-12-10T14:30:00Z,120.19,124.92,119.86,123.57,31950000
2024-12-11T14:30:00Z,123.57,124.84,122.60,124.26,33750000
2024-12-12T14:30:00Z,124.26,126.88,123.74,125.44,54000000
2024-12-13T14:30:00Z,125.44,125.84,122.07,123.49,50850000
2024-12-16T14:30:00Z,123.49,126.96,123.16,126.60,36450000
2024-12-17T14:30:00Z,126.60,127.56,126.55,127.41,33300000
2024-12-18T14:30:00Z,127.41,127.89,125.98,126.00,45900000
2024-12-19T14:30:00Z,126.00,128.92,124.85,127.72,40050000
2024-12-20T14:30:00Z,127.72,128.03,126.86,127.22,29700000
2024-12-23T14:30:00Z,127.22,129.95,126.37,129.09,49950000
2024-12-24T14:30:00Z,129.09,129.46,127.15,127.99,50850000
2024-12-26T14:30:00Z,127.99,128.86,126.56,127.82,58500000
2024-12-27T14:30:00Z,127.82,128.26,126.13,126.81,37800000
2024-12-30T14:30:00Z,126.81,127.21,124.70,125.97,37350000
2024-12-31T14:30:00Z,125.97,127.80,124.89,126.56,58500000
2025-01-02T14:30:00Z,126.56,126.81,125.84,126.80,41400000
2025-01-03T14:30:00Z,126.80,128.42,125.04,126.50,45900000
2025-01-06T14:30:00Z,126.50,127.11,123.20,124.00,49050000
2025-01-07T14:30:00Z,124.00,125.32,123.17,124.40,54000000
2025-01-08T14:30:00Z,124.40,128.26,123.62,126.86,47700000
2025-01-10T14:30:00Z,126.86,128.07,124.81,125.17,53550000
2025-01-13T14:30:00Z,125.17,125.69,122.00,123.53,33300000
2025-01-14T14:30:00Z,123.53,123.72,121.92,123.06,37350000
2025-01-15T14:30:00Z,123.06,126.66,121.67,126.45,30600000
2025-01-16T14:30:00Z,126.45,127.22,126.34,126.76,29700000
2025-01-17T14:30:00Z,126.76,127.34,123.23,124.75,48600000
2025-01-21T14:30:00Z,124.75,126.00,123.93,124.50,29250000
2025-01-22T14:30:00Z,124.50,125.06,121.70,122.75,54000000
2025-01-23T14:30:00Z,122.75,122.90,119.42,120.77,52650000
2025-01-24T14:30:00Z,120.77,121.65,119.46,119.80,41400000
2025-01-27T14:30:00Z,119.80,120.30,117.07,117.71,33300000
2025-01-28T14:30:00Z,117.71,119.06,117.50,119.01,46800000
2025-01-29T14:30:00Z,119.01,119.71,117.21,118.10,54900000
2025-01-30T14:30:00Z,118.10,121.15,117.31,119.67,30600000
2025-01-31T14:30:00Z,119.67,122.77,118.61,122.03,41850000
2025-02-03T14:30:00Z,122.03,123.45,121.07,123.38,54000000
2025-02-04T14:30:00Z,123.38,125.11,123.05,124.26,30150000
2025-02-05T14:30:00Z,124.26,125.07,123.88,124.48,34200000
2025-02-06T14:30:00Z,124.48,126.05,123.03,126.03,35550000
2025-02-07T14:30:00Z,126.03,126.29,124.71,126.11,49950000
2025-02-10T14:30:00Z,126.11,130.29,124.93,129.98,29250000
2025-02-11T14:30:00Z,129.98,131.51,126.71,127.14,35100000
2025-02-12T14:30:00Z,127.14,128.28,125.10,126.31,52200000
2025-02-13T14:30:00Z,126.31,127.58,123.99,125.28,36000000
2025-02-14T14:30:00Z,125.28,126.29,123.62,124.49,54450000
2025-02-18T14:30:00Z,124.49,125.93,123.08,125.82,45000000
2025-02-19T14:30:00Z,125.82,126.07,123.66,125.17,52650000
2025-02-20T14:30:00Z,125.17,128.28,124.80,127.68,50850000
2025-02-21T14:30:00Z,127.68,127.71,125.91,126.40,37350000
2025-02-24T14:30:00Z,126.40,127.44,124.85,125.31,31050000
2025-02-25T14:30:00Z,125.31,126.36,123.95,125.08,47700000
2025-02-26T14:30:00Z,125.08,125.25,123.46,124.85,37350000
2025-02-27T14:30:00Z,124.85,125.21,121.62,122.14,62100000
2025-02-28T14:30:00Z,122.14,125.74,122.11,124.64,60750000
2025-03-03T14:30:00Z,124.64,128.85,123.93,128.41,40050000
2025-03-04T14:30:00Z,128.41,128.89,125.09,126.30,36900000
2025-03-05T14:30:00Z,126.30,130.04,125.93,128.62,54450000
2025-03-06T14:30:00Z,128.62,130.63,128.48,129.66,35550000
2025-03-07T14:30:00Z,129.66,130.96,125.58,125.78,45450000
2025-03-10T13:30:00Z,125.78,126.83,125.05,125.41,39600000
2025-03-11T13:30:00Z,125.41,126.57,123.64,124.82,52200000
2025-03-12T13:30:00Z,124.82,125.57,123.75,125.15,54450000
2025-03-13T13:30:00Z,125.15,127.70,123.58,126.82,46800000
2025-03-14T13:30:00Z,126.82,127.76,125.23,127.33,42750000
2025-03-17T13:30:00Z,127.33,128.13,127.09,128.08,45450000
2025-03-18T13:30:00Z,128.08,129.71,128.03,128.69,31050000
2025-03-19T13:30:00Z,128.69,130.08,127.29,129.33,50850000
2025-03-20T13:30:00Z,129.33,130.75,126.08,127.05,45000000
2025-03-21T13:30:00Z,127.05,128.96,126.69,128.16,52650000
2025-03-24T13:30:00Z,128.16,128.37,124.43,125.87,37350000
2025-03-25T13:30:00Z,125.87,128.49,125.65,128.32,59400000
2025-03-26T13:30:00Z,128.32,130.40,126.81,130.25,40500000
2025-03-27T13:30:00Z,130.25,131.18,129.21,131.05,39150000
2025-03-28T13:30:00Z,131.05,132.11,128.78,129.85,57600000
2025-03-31T13:30:00Z,129.85,132.24,128.96,131.53,36450000
2025-04-01T13:30:00Z,131.53,132.37,128.94,129.17,32850000
2025-04-02T13:30:00Z,129.17,129.41,126.78,128.39,28350000
2025-04-03T13:30:00Z,128.39,129.48,122.99,124.30,49500000
2025-04-04T13:30:00Z,124.30,125.35,123.31,124.53,50400000
2025-04-07T13:30:00Z,124.53,125.04,120.07,120.73,55800000
2025-04-08T13:30:00Z,120.73,122.07,119.85,120.24,51300000
2025-04-09T13:30:00Z,120.24,122.69,119.76,121.46,43650000
2025-04-10T13:30:00Z,121.46,121.72,118.76,119.45,34650000
2025-04-11T13:30:00Z,119.45,119.46,117.09,118.14,59400000
2025-04-14T13:30:00Z,118.14,119.21,115.82,116.32,27000000
2025-04-15T13:30:00Z,116.32,117.82,114.39,115.49,59850000
2025-04-16T13:30:00Z,115.49,117.46,115.08,117.01,59400000
2025-04-17T13:30:00Z,117.01,118.18,112.87,112.91,27000000
2025-04-21T13:30:00Z,112.91,113.75,111.67,112.69,60750000
2025-04-22T13:30:00Z,112.69,113.09,111.55,111.95,37800000
2025-04-23T13:30:00Z,111.95,112.31,110.77,111.53,46800000
2025-04-24T13:30:00Z,111.53,112.94,111.31,111.53,29250000
2025-04-25T13:30:00Z,111.53,112.61,110.61,112.56,50850000
2025-04-28T13:30:00Z,112.56,112.59,110.86,112.17,42750000
2025-04-29T13:30:00Z,112.17,113.43,110.92,113.25,51750000
2025-04-30T13:30:00Z,113.25,113.94,112.27,113.89,62550000
2025-05-01T13:30:00Z,113.89,114.99,111.43,112.77,35100000
2025-05-02T13:30:00Z,112.77,114.52,112.75,113.26,56700000
2025-05-05T13:30:00Z,113.26,114.65,112.31,114.14,52650000
2025-05-06T13:30:00Z,114.14,116.55,113.35,115.95,58950000
2025-05-07T13:30:00Z,115.95,118.29,114.52,116.92,38250000
2025-05-08T13:30:00Z,116.92,117.16,112.83,114.02,54000000
2025-05-09T13:30:00Z,114.02,114.94,113.14,113.58,53550000
2025-05-12T13:30:00Z,113.58,114.90,112.32,114.27,61200000
2025-05-13T13:30:00Z,114.27,114.33,113.17,113.69,52650000
2025-05-14T13:30:00Z,113.69,114.46,113.43,113.76,41400000
2025-05-15T13:30:00Z,113.76,115.08,112.62,114.27,45000000
2025-05-16T13:30:00Z,114.27,114.60,112.50,112.65,41850000
2025-05-19T13:30:00Z,112.65,113.11,109.93,111.26,48600000
2025-05-20T13:30:00Z,111.26,113.37,111.19,112.23,44100000
2025-05-21T13:30:00Z,112.23,115.13,111.61,114.03,43200000
2025-05-22T13:30:00Z,114.03,117.64,112.87,116.16,34650000
2025-05-23T13:30:00Z,116.16,117.32,113.80,115.19,61650000
2025-05-27T13:30:00Z,115.19,118.49,115.06,118.49,57150000
2025-05-28T13:30:00Z,118.49,119.08,116.60,117.24,37800000
2025-05-29T13:30:00Z,117.24,117.29,117.04,117.21,45900000
2025-05-30T13:30:00Z,117.21,117.40,116.49,117.18,34650000
2025-06-02T13:30:00Z,117.18,118.08,116.37,116.99,53550000
2025-06-03T13:30:00Z,116.99,121.01,116.80,120.07,58500000
2025-06-04T13:30:00Z,120.07,121.56,119.34,120.71,54450000
2025-06-05T13:30:00Z,120.71,121.34,119.26,120.40,35550000
2025-06-06T13:30:00Z,120.40,120.49,119.68,119.89,56700000
2025-06-09T13:30:00Z,119.89,121.66,119.54,121.05,37350000
2025-06-10T13:30:00Z,30.26,30.39,29.90,30.37,43650000
2025-06-11T13:30:00Z,30.37,30.81,30.13,30.63,27900000
2025-06-12T13:30:00Z,30.63,31.02,30.60,30.66,31500000
2025-06-13T13:30:00Z,30.66,31.27,30.66,30.90,35100000
2025-06-16T13:30:00Z,30.90,31.13,30.48,30.58,58500000
2025-06-17T13:30:00Z,30.58,31.40,30.40,31.14,33750000
2025-06-18T13:30:00Z,31.14,31.51,30.64,30.80,30600000
2025-06-20T13:30:00Z,30.80,31.16,30.26,30.39,54000000
2025-06-23T13:30:00Z,30.39,30.53,29.86,30.17,57150000
2025-06-24T13:30:00Z,30.17,30.52,29.58,29.95,36000000
2025-06-25T13:30:00Z,29.95,30.49,29.61,30.31,35550000
2025-06-26T13:30:00Z,30.31,30.63,30.17,30.17,54900000
2025-06-27T13:30:00Z,30.17,30.47,29.70,29.96,47250000
2025-06-30T13:30:00Z,29.96,29.98,29.87,29.93,48150000
2025-07-01T13:30:00Z,29.93,30.53,29.60,30.18,58500000
2025-07-02T13:30:00Z,30.18,30.71,30.17,30.54,38250000
2025-07-03T13:30:00Z,30.54,30.98,30.34,30.75,46350000
2025-07-07T13:30:00Z,30.75,31.07,30.68,30.75,34200000
2025-07-08T13:30:00Z,30.75,31.34,30.40,31.03,37350000
2025-07-09T13:30:00Z,31.03,31.67,30.83,31.33,61200000
2025-07-10T13:30:00Z,31.33,32.30,31.26,31.91,35550000
2025-07-11T13:30:00Z,31.91,32.12,30.90,31.30,45900000
2025-07-14T13:30:00Z,31.30,31.45,30.94,30.98,46350000
2025-07-15T13:30:00Z,30.98,30.98,30.84,30.91,27450000
2025-07-16T13:30:00Z,30.91,31.59,30.84,31.36,34200000
2025-07-17T13:30:00Z,31.36,31.99,31.15,31.61,51300000
2025-07-18T13:30:00Z,31.61,32.53,31.43,32.32,43200000
2025-07-21T13:30:00Z,32.32,32.49,31.45,31.74,42300000
2025-07-22T13:30:00Z,31.74,32.64,31.44,32.38,30150000
2025-07-23T13:30:00Z,32.38,32.55,32.17,32.41,37350000
2025-07-24T13:30:00Z,32.41,33.63,32.13,33.25,50850000
2025-07-25T13:30:00Z,33.25,33.49,32.58,32.90,49050000
2025-07-28T13:30:00Z,32.90,33.42,32.71,33.07,30600000
2025-07-29T13:30:00Z,33.07,33.45,32.70,32.97,40500000
2025-07-30T13:30:00Z,32.97,33.42,32.87,33.33,45450000
2025-07-31T13:30:00Z,33.33,33.90,32.91,33.86,49500000
2025-08-01T13:30:00Z,33.86,34.40,33.66,33.99,48150000
2025-08-04T13:30:00Z,33.99,34.06,33.12,33.36,29250000
2025-08-05T13:30:00Z,33.36,33.62,33.18,33.30,54450000
2025-08-06T13:30:00Z,33.30,33.70,32.94,33.03,41400000
2025-08-07T13:30:00Z,33.03,33.35,32.77,32.97,54000000
2025-08-08T13:30:00Z,32.97,33.39,32.77,33.30,42300000
2025-08-11T13:30:00Z,33.30,33.46,33.25,33.33,37350000
2025-08-12T13:30:00Z,33.33,33.64,32.88,33.06,40500000
2025-08-13T13:30:00Z,33.06,33.21,32.58,32.93,56700000
2025-08-14T13:30:00Z,32.93,33.64,32.76,33.26,43200000
2025-08-15T13:30:00Z,33.26,33.42,32.37,32.63,58050000
2025-08-18T13:30:00Z,32.63,33.35,32.48,33.15,45000000
2025-08-19T13:30:00Z,33.15,33.99,33.14,33.63,45450000
2025-08-20T13:30:00Z,33.63,33.90,33.21,33.37,62100000
2025-08-21T13:30:00Z,33.37,33.43,32.81,33.15,29700000
2025-08-22T13:30:00Z,33.15,34.07,33.00,33.96,29250000
2025-08-25T13:30:00Z,33.96,34.27,33.64,33.99,45900000
2025-08-26T13:30:00Z,33.99,34.32,33.68,34.05,38250000
2025-08-27T13:30:00Z,34.05,34.37,33.50,33.62,29250000
2025-08-28T13:30:00Z,33.62,34.74,33.26,34.38,27450000
2025-08-29T13:30:00Z,34.38,34.87,34.21,34.77,45000000
2025-09-02T13:30:00Z,34.77,34.87,33.71,33.92,62550000
2025-09-03T13:30:00Z,33.92,34.33,33.51,34.02,50850000
2025-09-04T13:30:00Z,34.02,34.68,33.92,34.24,47250000
2025-09-05T13:30:00Z,34.24,35.06,34.12,34.67,50850000
2025-09-08T13:30:00Z,34.67,35.01,34.03,34.40,38250000
2025-09-09T13:30:00Z,34.40,34.59,33.57,33.89,36450000
2025-09-10T13:30:00Z,33.89,34.17,33.74,34.12,45450000
2025-09-11T13:30:00Z,34.12,34.21,33.09,33.33,61650000
2025-09-12T13:30:00Z,33.33,33.57,33.13,33.46,40050000
2025-09-15T13:30:00Z,33.46,34.30,33.37,34.02,45450000
2025-09-16T13:30:00Z,34.02,34.42,33.76,34.29,56250000
2025-09-17T13:30:00Z,34.29,34.92,34.21,34.53,45450000
2025-09-18T13:30:00Z,34.53,35.47,34.53,35.15,51750000
2025-09-19T13:30:00Z,35.15,35.71,34.97,35.57,49950000
2025-09-22T13:30:00Z,35.57,36.01,35.55,35.68,32400000
2025-09-23T13:30:00Z,35.68,36.02,35.08,35.45,28800000
2025-09-24T13:30:00Z,35.45,35.52,35.01,35.27,36900000
2025-09-25T13:30:00Z,35.27,35.44,34.78,35.23,30150000
2025-09-26T13:30:00Z,35.23,35.55,34.23,34.56,62550000
2025-09-29T13:30:00Z,34.56,34.67,34.26,34.58,62100000
2025-09-30T13:30:00Z,34.58,34.84,34.25,34.28,43650000
2025-10-01T13:30:00Z,34.28,34.65,33.78,33.91,60300000
2025-10-02T13:30:00Z,33.91,34.05,33.87,34.03,58050000
2025-10-03T13:30:00Z,34.03,34.24,33.53,33.80,48600000
2025-10-06T13:30:00Z,33.80,34.65,33.45,34.55,51750000
2025-10-07T13:30:00Z,34.55,35.06,34.44,34.63,43200000
2025-10-08T13:30:00Z,34.63,35.01,34.24,34.75,56700000
2025-10-09T13:30:00Z,34.75,35.03,33.65,34.08,38250000
2025-10-10T13:30:00Z,34.08,34.60,33.81,34.49,36900000
2025-10-13T13:30:00Z,34.49,34.91,34.04,34.12,40050000
2025-10-14T13:30:00Z,34.12,34.95,33.80,34.67,62100000
2025-10-15T13:30:00Z,34.67,35.47,34.40,35.04,36000000
2025-10-16T13:30:00Z,35.04,35.25,34.64,34.95,31050000
2025-10-17T13:30:00Z,34.95,35.14,34.70,34.80,56250000
2025-10-20T13:30:00Z,34.80,35.22,34.40,34.71,55800000
2025-10-21T13:30:00Z,34.71,34.83,34.08,34.21,58950000
2025-10-22T13:30:00Z,34.21,34.55,33.11,33.41,36900000
2025-10-23T13:30:00Z,33.41,34.51,33.41,34.14,34650000
2025-10-24T13:30:00Z,34.14,34.57,32.86,33.28,39150000
2025-10-27T13:30:00Z,33.28,33.61,32.90,33.09,43650000
2025-10-28T13:30:00Z,33.09,33.47,32.83,33.38,28350000
2025-10-29T13:30:00Z,33.38,33.56,32.85,33.12,49500000
2025-10-30T13:30:00Z,33.12,33.24,32.44,32.60,40500000
2025-10-31T13:30:00Z,32.60,32.94,32.21,32.52,48600000
2025-11-03T14:30:00Z,32.52,32.81,31.11,31.51,53550000
2025-11-04T14:30:00Z,31.51,31.85,30.82,30.97,37800000
2025-11-05T14:30:00Z,30.97,31.79,30.69,31.68,51300000
2025-11-06T14:30:00Z,31.68,32.00,31.68,31.88,60300000
2025-11-07T14:30:00Z,31.88,32.27,31.08,31.41,48150000
2025-11-10T14:30:00Z,31.41,31.57,31.25,31.34,57150000
2025-11-11T14:30:00Z,31.34,31.53,30.92,31.10,31950000
2025-11-12T14:30:00Z,31.10,31.94,31.05,31.74,59400000
2025-11-13T14:30:00Z,31.74,31.93,31.57,31.79,49050000
2025-11-14T14:30:00Z,31.79,32.19,31.62,31.64,45000000
2025-11-17T14:30:00Z,31.64,32.17,31.34,32.06,43200000
2025-11-18T14:30:00Z,32.06,32.40,31.32,31.55,42300000
2025-11-19T14:30:00Z,31.55,31.99,31.19,31.84,29700000
2025-11-20T14:30:00Z,31.84,32.03,31.46,32.03,31950000
2025-11-21T14:30:00Z,32.03,32.25,31.15,31.21,44550000
2025-11-24T14:30:00Z,31.21,31.28,30.35,30.68,43200000
2025-11-25T14:30:00Z,30.68,30.90,29.97,30.15,36450000
2025-11-26T14:30:00Z,30.15,30.31,29.59,29.80,48600000
2025-11-28T14:30:00Z,29.80,30.17,29.44,30.10,53100000
2025-12-01T14:30:00Z,30.10,30.62,30.04,30.32,27000000
2025-12-02T14:30:00Z,30.32,30.65,30.06,30.38,29250000
2025-12-03T14:30:00Z,30.38,30.74,30.05,30.40,33300000
2025-12-04T14:30:00Z,30.40,30.42,29.81,30.11,32850000
2025-12-05T14:30:00Z,30.11,30.39,29.76,30.17,42750000
2025-12-08T14:30:00Z,30.17,30.45,30.11,30.13,30150000
2025-12-09T14:30:00Z,30.13,30.46,30.04,30.12,56700000
2025-12-10T14:30:00Z,30.12,30.34,29.94,30.17,52650000
2025-12-11T14:30:00Z,30.17,30.18,29.57,29.72,56700000
2025-12-12T14:30:00Z,29.72,30.28,29.56,29.96,55800000
2025-12-15T14:30:00Z,29.96,30.01,29.32,29.64,43650000
2025-12-16T14:30:00Z,29.64,30.02,28.95,29.28,47250000
2025-12-17T14:30:00Z,29.28,29.94,29.05,29.92,62550000
2025-12-18T14:30:00Z,29.92,30.20,29.73,30.15,27450000
2025-12-19T14:30:00Z,30.15,31.14,29.91,30.88,46350000
2025-12-22T14:30:00Z,30.88,31.05,30.14,30.40,48600000
2025-12-23T14:30:00Z,30.40,30.85,30.37,30.67,28800000
2025-12-24T14:30:00Z,30.67,31.06,30.50,30.50,54450000
2025-12-26T14:30:00Z,30.50,30.75,30.27,30.59,60750000
2025-12-29T14:30:00Z,30.59,30.77,30.00,30.18,52650000
2025-12-30T14:30:00Z,30.18,30.23,29.96,29.96,36450000
2025-12-31T14:30:00Z,29.96,30.13,28.85,29.16,36450000
2026-01-02T14:30:00Z,29.16,29.26,28.44,28.48,46928564
2026-01-05T14:30:00Z,28.48,28.53,28.06,28.12,46799993
2026-01-06T14:30:00Z,28.12,28.49,27.93,28.42,50271421
2026-01-07T14:30:00Z,28.42,28.71,28.35,28.51,46735708
2026-01-08T14:30:00Z,28.51,28.59,27.94,27.99,48278565
2026-01-09T14:30:00Z,27.99,28.55,27.84,28.54,54321421
2026-01-12T14:30:00Z,28.54,28.62,28.11,28.30,44228565
2026-01-13T14:30:00Z,28.30,28.69,28.23,28.56,47314278
2026-01-14T14:30:00Z,28.56,28.71,28.43,28.64,31885709
2026-01-15T14:30:00Z,28.64,28.88,28.58,28.76,47378565
2026-01-16T14:30:00Z,28.76,28.99,28.67,28.75,49757135
2026-01-20T14:30:00Z,28.75,28.88,28.63,28.63,44421423
2026-01-21T14:30:00Z,28.63,28.78,28.32,28.39,39921423
2026-01-22T14:30:00Z,28.39,29.02,28.33,29.00,44228567
2026-01-23T14:30:00Z,29.00,29.15,28.94,29.03,38957136
2026-01-26T14:30:00Z,29.03,29.05,28.58,28.63,42685709
2026-01-27T14:30:00Z,28.63,29.09,28.52,29.01,40499994
2026-01-28T14:30:00Z,29.01,29.04,28.52,28.71,42942851
2026-01-29T14:30:00Z,28.71,28.76,28.48,28.66,39085708
2026-01-30T14:30:00Z,28.66,29.25,28.65,29.25,53742850
2026-02-02T14:30:00Z,29.25,30.03,29.25,29.94,52135708
2026-02-03T14:30:00Z,29.94,29.94,29.56,29.69,48278565
2026-02-04T14:30:00Z,29.69,29.74,29.48,29.65,58114279
2026-02-05T14:30:00Z,29.65,29.97,29.55,29.90,45835707
2026-02-06T14:30:00Z,29.90,29.93,29.37,29.55,44614279
2026-02-09T14:30:00Z,29.55,29.86,29.41,29.78,42942851
2026-02-10T14:30:00Z,29.78,30.01,29.64,29.78,41464279
2026-02-11T14:30:00Z,29.78,30.33,29.74,30.24,41528566
2026-02-12T14:30:00Z,30.24,30.78,30.16,30.72,49692851
2026-02-13T14:30:00Z,30.72,31.05,30.70,31.00,42557136
2026-02-17T14:30:00Z,31.00,31.94,30.94,31.89,50014278
2026-02-18T14:30:00Z,31.89,32.19,31.84,32.14,43907137
2026-02-19T14:30:00Z,32.14,32.18,31.87,32.05,48407137
2026-02-20T14:30:00Z,32.05,32.24,32.00,32.20,46735709
2026-02-23T14:30:00Z,32.20,32.32,31.88,32.05,58435707
2026-02-24T14:30:00Z,32.05,32.83,31.96,32.73,46414279
2026-02-25T14:30:00Z,32.73,32.76,31.90,31.99,55285706
2026-02-26T14:30:00Z,31.99,32.84,31.93,32.84,51749992
2026-02-27T14:30:00Z,32.84,32.93,32.54,32.90,45835707
2026-03-02T14:30:00Z,32.90,33.12,32.78,32.86,56378564
2026-03-03T14:30:00Z,32.86,32.95,32.56,32.61,48021421
2026-03-04T14:30:00Z,32.61,32.85,32.54,32.72,43585707
2026-03-05T14:30:00Z,32.72,33.59,32.72,33.56,28864281
2026-03-06T14:30:00Z,33.56,34.00,33.48,33.96,49499994
2026-03-09T13:30:00Z,33.96,34.50,33.90,34.50,45642851
2026-03-10T13:30:00Z,34.50,34.82,34.49,34.60,58371422
2026-03-11T13:30:00Z,34.60,35.05,34.52,34.93,44549993
2026-03-12T13:30:00Z,34.93,35.14,34.80,35.06,44228564
2026-03-13T13:30:00Z,35.06,35.71,34.97,35.62,48342851
2026-03-16T13:30:00Z,35.62,36.13,35.61,36.12,49821422
2026-03-17T13:30:00Z,36.12,36.38,35.76,35.89,46349993
2026-03-18T13:30:00Z,35.89,36.71,35.82,36.57,49628565
2026-03-19T13:30:00Z,36.57,36.67,36.01,36.01,51749993
2026-03-20T13:30:00Z,36.01,36.36,35.92,36.23,45128566
2026-03-23T13:30:00Z,36.23,36.43,36.06,36.34,42878566
2026-03-24T13:30:00Z,36.34,36.37,35.38,35.38,47507136
2026-03-25T13:30:00Z,35.38,35.78,35.30,35.38,47378566
2026-03-26T13:30:00Z,35.38,35.58,35.16,35.20,34457137
2026-03-27T13:30:00Z,35.20,36.21,35.13,36.14,48535707
2026-03-30T13:30:00Z,36.14,36.20,35.94,36.15,55864279
2026-03-31T13:30:00Z,36.15,36.20,35.70,35.70,45257136
2026-04-01T13:30:00Z,35.70,36.02,35.54,35.92,44549994
2026-04-02T13:30:00Z,35.92,36.17,35.81,36.07,38892850
2026-04-06T13:30:00Z,36.07,36.16,35.63,35.97,43071422
2026-04-07T13:30:00Z,35.97,36.01,35.46,35.56,38957137
2026-04-08T13:30:00Z,35.56,35.58,35.22,35.26,51557135
2026-04-09T13:30:00Z,35.26,35.34,34.80,34.97,44228566
2026-04-10T13:30:00Z,34.97,34.97,34.38,34.38,51942852
2026-04-13T13:30:00Z,34.38,34.43,33.92,33.95,48664279
2026-04-14T13:30:00Z,33.95,34.09,33.54,33.77,47892849
2026-04-15T13:30:00Z,33.77,34.26,33.73,34.17,51814277
2026-04-16T13:30:00Z,34.17,34.25,33.89,34.12,47314279
2026-04-17T13:30:00Z,34.12,34.23,33.94,34.14,55928565
2026-04-20T13:30:00Z,34.14,34.94,34.08,34.91,39535709
2026-04-21T13:30:00Z,34.91,35.14,34.82,34.93,52071422
2026-04-22T13:30:00Z,34.93,35.22,34.91,35.14,44357137
2026-04-23T13:30:00Z,35.14,35.23,34.92,35.06,42299994
2026-04-24T13:30:00Z,35.06,36.29,35.01,36.20,37285709
2026-04-27T13:30:00Z,36.20,36.25,35.42,35.45,46607136
2026-04-28T13:30:00Z,35.45,35.61,35.20,35.25,51685707
2026-04-29T13:30:00Z,35.25,35.86,35.16,35.75,49049993
2026-04-30T13:30:00Z,35.75,36.25,35.65,35.85,47185709
2026-05-01T13:30:00Z,35.85,35.94,35.57,35.86,45449993
2026-05-04T13:30:00Z,35.86,36.20,35.72,36.13,42685708
2026-05-05T13:30:00Z,36.13,36.44,36.02,36.05,44999993
2026-05-06T13:30:00Z,36.05,36.26,35.91,36.20,45449994
2026-05-07T13:30:00Z,36.20,36.27,35.43,35.53,46285708
2026-05-08T13:30:00Z,35.53,35.65,35.24,35.44,38699995
2026-05-11T13:30:00Z,35.44,35.47,34.89,34.90,50721422
2026-05-12T13:30:00Z,34.90,35.68,34.86,35.59,47249994
2026-05-13T13:30:00Z,35.59,35.60,34.76,34.78,43199994
2026-05-14T13:30:00Z,34.78,35.74,34.72,35.67,52199993
2026-05-15T13:30:00Z,35.67,36.30,35.61,36.28,41592851
2026-05-18T13:30:00Z,36.28,36.42,36.02,36.26,38892850
2026-05-19T13:30:00Z,36.26,36.47,35.85,36.27,37671422
2026-05-20T13:30:00Z,36.27,36.56,35.95,36.13,46478565
2026-05-21T13:30:00Z,36.13,36.17,35.74,35.83,53742850
2026-05-22T13:30:00Z,35.83,35.90,34.44,34.57,48728564
2026-05-26T13:30:00Z,34.57,35.07,34.51,34.94,56378564
2026-05-27T13:30:00Z,34.94,35.02,34.34,34.39,47378564
2026-05-28T13:30:00Z,34.39,34.52,34.25,34.40,50464280
2026-05-29T13:30:00Z,34.40,34.47,34.16,34.24,42942852
2026-06-01T13:30:00Z,34.24,34.75,34.15,34.65,39085708
2026-06-02T13:30:00Z,34.65,34.94,34.65,34.84,46671422
2026-06-03T13:30:00Z,34.84,35.00,34.60,34.72,40499993
2026-06-04T13:30:00Z,34.72,34.77,34.31,34.39,43392852
2026-06-05T13:30:00Z,34.39,34.43,34.03,34.12,43135707
2026-06-08T13:30:00Z,34.12,34.51,34.06,34.37,49049993
2026-06-09T13:30:00Z,34.37,34.51,33.87,33.98,39985707
2026-06-10T13:30:00Z,33.98,34.78,33.95,34.76,43135707
2026-06-11T13:30:00Z,34.76,35.20,34.72,35.10,35357137
2026-06-12T13:30:00Z,35.10,35.19,34.79,34.94,44164279
2026-06-15T13:30:00Z,34.94,35.49,34.93,35.44,50785707
2026-06-16T13:30:00Z,35.44,35.49,34.47,34.50,45128564
2026-06-17T13:30:00Z,34.50,34.55,33.56,33.59,41464280
2026-06-18T13:30:00Z,33.59,33.83,33.45,33.79,43392850
2026-06-22T13:30:00Z,33.79,34.04,33.68,33.96,45258032
2026-06-23T13:30:00Z,33.96,33.97,33.66,33.66,45003031
2026-06-24T13:30:00Z,33.66,34.09,33.57,34.08,45388417
2026-06-25T13:30:00Z,34.08,34.08,32.93,32.96,44108812
2026-06-26T13:30:00Z,32.96,33.25,32.95,33.24,45601879
