month,value_dividends_reinvested,value_dividends_paid_out,dividends_paid_that_month
2016-10,9969.85,9967.22,2.54
2016-11,10298.4,10269.65,26.0
2016-12,10377.78,10324.93,23.78
2017-01,10576.52,10516.72,6.02
2017-02,10775.8,10697.4,18.02
2017-03,11079.97,10967.06,32.24
2017-04,11260.11,11139.3,6.23
2017-05,11365.51,11231.93,11.69
2017-06,11303.33,11128.22,42.92
2017-07,11281.87,11092.76,14.37
2017-08,11518.95,11309.12,16.83
2017-09,11578.0,11344.84,21.98
2017-10,12037.79,11786.84,8.47
2017-11,12033.14,11761.81,20.16
2017-12,11956.91,11649.66,37.09
2018-01,12258.04,11931.5,11.88
2018-02,12186.22,11853.63,8.0
2018-03,12011.43,11656.87,26.27
2018-04,11993.08,11628.26,10.87
2018-05,12524.77,12127.52,16.23
2018-06,12716.45,12286.89,25.83
2018-07,12630.37,12198.92,4.77
2018-08,12849.35,12383.18,27.48
2018-09,12910.79,12414.66,27.94
2018-10,12017.69,11545.76,10.01
2018-11,12124.02,11632.14,15.74
2018-12,11757.17,11239.65,40.06
2019-01,12333.94,11781.11,9.74
2019-02,12579.95,12008.51,7.48
2019-03,13068.38,12436.62,38.12
2019-04,13185.32,12522.51,25.54
2019-05,13220.86,12531.31,24.7
2019-06,13578.42,12833.2,36.76
2019-07,13918.3,13144.09,10.43
2019-08,14584.33,13747.96,25.12
2019-09,14206.94,13374.66,17.8
2019-10,14420.11,13561.63,13.68
2019-11,14788.02,13874.67,32.9
2019-12,14924.22,13952.79,49.82
2020-01,14845.94,13872.38,7.29
2020-02,14006.41,13060.45,28.67
2020-03,12147.06,11297.34,28.26
2020-04,13713.0,12745.15,9.34
2020-05,14301.04,13271.75,19.98
2020-06,14744.53,13659.73,23.86
2020-07,15892.73,14717.11,6.4
2020-08,15912.06,14716.39,18.98
2020-09,16053.47,14818.53,28.81
2020-10,16270.13,14997.56,21.56
2020-11,18655.6,17167.53,28.86
2020-12,19241.42,17620.37,87.01
2021-01,18956.62,17336.69,23.02
2021-02,21129.0,19307.34,16.48
2021-03,21633.35,19731.7,36.72
2021-04,22779.58,20753.29,23.6
2021-05,23869.51,21705.29,40.56
2021-06,24209.05,21950.95,63.65
2021-07,24270.5,21980.06,26.38
2021-08,25333.47,22909.36,33.42
2021-09,25125.12,22660.26,61.28
2021-10,26311.08,23709.18,20.9
2021-11,25427.17,22887.96,25.82
2021-12,26192.86,23512.04,64.93
2022-01,26470.02,23729.9,30.61
2022-02,27451.48,24588.59,21.23
2022-03,28244.05,25257.53,41.73
2022-04,27724.18,24762.59,30.74
2022-05,27652.92,24675.81,23.32
2022-06,25248.88,22437.84,93.52
2022-07,26221.17,23282.22,19.06
2022-08,25863.28,22906.58,56.72
2022-09,24193.2,21359.51,70.2
2022-10,24922.9,21975.16,28.1
2022-11,25913.81,22793.49,53.66
2022-12,25060.85,21942.83,101.65
2023-01,27183.34,23780.18,19.63
2023-02,26371.81,23055.75,14.59
2023-03,26891.49,23454.97,54.03
2023-04,27189.4,23698.96,15.48
2023-05,27254.88,23722.47,33.9
2023-06,27527.88,23897.97,61.49
2023-07,28652.12,24854.33,19.45
2023-08,28559.84,24753.91,20.38
2023-09,27313.72,23587.32,86.02
2023-10,27147.77,23427.19,17.12
2023-11,28903.9,24926.01,16.58
2023-12,29583.17,25447.78,63.82
2024-01,29682.24,25485.22,46.08
2024-02,30183.76,25881.14,35.35
2024-03,31080.62,26580.77,67.69
2024-04,31003.53,26498.82,16.48
2024-05,31801.84,27156.29,24.75
2024-06,31683.15,26948.69,105.78
2024-07,32805.65,27902.44,0.62
2024-08,33276.23,28259.11,42.89
2024-09,34155.78,28916.12,87.96
2024-10,34304.93,28997.67,44.85
2024-11,35937.47,30272.11,104.71
2024-12,35046.0,29461.32,59.67
2025-01,36598.05,30727.09,39.23
2025-02,36038.27,30219.36,37.89
2025-03,36113.01,30238.85,42.72
2025-04,36359.51,30410.27,34.25
2025-05,37515.91,31333.2,43.18
2025-06,38619.64,32172.0,82.69
2025-07,38768.32,32260.7,35.06
2025-08,40538.38,33705.04,28.31
2025-09,43231.33,35860.53,84.22
2025-10,44547.81,36930.69,21.91
2025-11,45241.14,37470.75,35.05
2025-12,44979.99,37069.96,183.89
2026-01,47210.94,38880.22,27.84
2026-02,52608.93,43273.25,51.89
2026-03,50886.54,41717.37,136.18
2026-04,51879.01,42519.92,13.44
2026-05,53502.05,43758.19,91.02
2026-06,52510.92,42814.57,133.91
2026-07,51894.61,42291.15,20.31
2026-08,51872.39,42202.32,71.64
2026-09,50786.07,41201.21,117.9
2026-10,51496.69,41777.23,0.0
