sym,name,weight_percent
XEG,iShares S&P/TSX Capped Energy Index ETF,10.0
XGD,iShares S&P/TSX Global Gold Index ETF,10.0
XIT,iShares S&P/TSX Capped Information Technology Index ETF,10.0
XMA,iShares S&P/TSX Capped Materials Index ETF,10.0
CGL-C,iShares Gold Bullion ETF (Non-Hedged),10.0
BB,BlackBerry Limited,3.1
DCBO,Docebo Inc.,3.1
GWO,Great-West Lifeco Inc.,3.1
BNS,The Bank of Nova Scotia,3.1
POW,Power Corporation of Canada,3.1
TD,The Toronto-Dominion Bank,3.1
CVE,Cenovus Energy Inc.,3.1
IGM,IGM Financial Inc.,3.1
ARX,ARC Resources Ltd.,3.1
TECK-B,Teck Resources Limited,3.1
CS,Capstone Copper Corp.,3.1
SGR-UN,Slate Grocery REIT,3.1
MG,Magna International Inc.,3.1
CNR,Canadian National Railway Company,3.1
GSY,goeasy Ltd.,3.1
TIH,Toromont Industries Ltd.,3.1
