symbol,type,ex_date,pay_date,ratio_new,ratio_old,cash_amount
JPM,CASH_DIVIDEND,2023-01-05,2023-01-19,,,1.15
AAPL,CASH_DIVIDEND,2023-02-09,2023-02-23,,,0.25
XOM,CASH_DIVIDEND,2023-02-13,2023-02-27,,,0.95
MSFT,CASH_DIVIDEND,2023-02-15,2023-03-01,,,0.83
SPY,CASH_DIVIDEND,2023-03-20,2023-04-03,,,1.70
JPM,CASH_DIVIDEND,2023-04-05,2023-04-19,,,1.15
AAPL,CASH_DIVIDEND,2023-05-09,2023-05-23,,,0.25
MSFT,CASH_DIVIDEND,2023-05-15,2023-05-29,,,0.83
XOM,CASH_DIVIDEND,2023-05-15,2023-05-29,,,0.95
SPY,CASH_DIVIDEND,2023-06-20,2023-07-04,,,1.70
JPM,CASH_DIVIDEND,2023-07-05,2023-07-19,,,1.15
AAPL,CASH_DIVIDEND,2023-08-09,2023-08-23,,,0.25
XOM,CASH_DIVIDEND,2023-08-14,2023-08-28,,,0.95
MSFT,CASH_DIVIDEND,2023-08-15,2023-08-29,,,0.83
SPY,CASH_DIVIDEND,2023-09-20,2023-10-04,,,1.70
JPM,CASH_DIVIDEND,2023-10-05,2023-10-19,,,1.15
AAPL,CASH_DIVIDEND,2023-11-09,2023-11-23,,,0.25
XOM,CASH_DIVIDEND,2023-11-13,2023-11-27,,,0.95
MSFT,CASH_DIVIDEND,2023-11-15,2023-11-29,,,0.83
SPY,CASH_DIVIDEND,2023-12-20,2024-01-03,,,1.70
JPM,CASH_DIVIDEND,2024-01-05,2024-01-19,,,1.15
AAPL,CASH_DIVIDEND,2024-02-09,2024-02-23,,,0.25
XOM,CASH_DIVIDEND,2024-02-13,2024-02-27,,,0.95
MSFT,CASH_DIVIDEND,2024-02-15,2024-02-29,,,0.83
SPY,CASH_DIVIDEND,2024-03-20,2024-04-03,,,1.70
JPM,CASH_DIVIDEND,2024-04-05,2024-04-19,,,1.15
AAPL,CASH_DIVIDEND,2024-05-09,2024-05-23,,,0.25
XOM,CASH_DIVIDEND,2024-05-13,2024-05-27,,,0.95
MSFT,CASH_DIVIDEND,2024-05-15,2024-05-29,,,0.83
SPY,CASH_DIVIDEND,2024-06-20,2024-07-04,,,1.70
JPM,CASH_DIVIDEND,2024-07-05,2024-07-19,,,1.15
AAPL,CASH_DIVIDEND,2024-08-09,2024-08-23,,,0.25
XOM,CASH_DIVIDEND,2024-08-13,2024-08-27,,,0.95
MSFT,CASH_DIVIDEND,2024-08-15,2024-08-29,,,0.83
SPY,CASH_DIVIDEND,2024-09-20,2024-10-04,,,1.70
JPM,CASH_DIVIDEND,2024-10-07,2024-10-21,,,1.15
AAPL,CASH_DIVIDEND,2024-11-11,2024-11-25,,,0.25
XOM,CASH_DIVIDEND,2024-11-13,2024-11-27,,,0.95
MSFT,CASH_DIVIDEND,2024-11-15,2024-11-29,,,0.83
SPY,CASH_DIVIDEND,2024-12-20,2025-01-03,,,1.70
JPM,CASH_DIVIDEND,2025-01-06,2025-01-20,,,1.15
AAPL,CASH_DIVIDEND,2025-02-10,2025-02-24,,,0.25
XOM,CASH_DIVIDEND,2025-02-13,2025-02-27,,,0.95
MSFT,CASH_DIVIDEND,2025-02-18,2025-03-04,,,0.83
SPY,CASH_DIVIDEND,2025-03-20,2025-04-03,,,1.70
JPM,CASH_DIVIDEND,2025-04-07,2025-04-21,,,1.15
AAPL,CASH_DIVIDEND,2025-05-09,2025-05-23,,,0.25
XOM,CASH_DIVIDEND,2025-05-13,2025-05-27,,,0.95
MSFT,CASH_DIVIDEND,2025-05-15,2025-05-29,,,0.83
NVDA,SPLIT,2025-06-10,2025-06-10,4,1,
SPY,CASH_DIVIDEND,2025-06-20,2025-07-04,,,1.70
JPM,CASH_DIVIDEND,2025-07-07,2025-07-21,,,1.15
AAPL,CASH_DIVIDEND,2025-08-11,2025-08-25,,,0.25
XOM,CASH_DIVIDEND,2025-08-13,2025-08-27,,,0.95
MSFT,CASH_DIVIDEND,2025-08-15,2025-08-29,,,0.83
SPY,CASH_DIVIDEND,2025-09-22,2025-10-06,,,1.70
JPM,CASH_DIVIDEND,2025-10-06,2025-10-20,,,1.15
AAPL,CASH_DIVIDEND,2025-11-10,2025-11-24,,,0.25
XOM,CASH_DIVIDEND,2025-11-13,2025-11-27,,,0.95
MSFT,CASH_DIVIDEND,2025-11-17,2025-12-01,,,0.83
SPY,CASH_DIVIDEND,2025-12-22,2026-01-05,,,1.70
JPM,CASH_DIVIDEND,2026-01-05,2026-01-19,,,1.15
AAPL,CASH_DIVIDEND,2026-02-09,2026-02-23,,,0.25
XOM,CASH_DIVIDEND,2026-02-13,2026-02-27,,,0.95
MSFT,CASH_DIVIDEND,2026-02-17,2026-03-03,,,0.83
SPY,CASH_DIVIDEND,2026-03-20,2026-04-03,,,1.70
JPM,CASH_DIVIDEND,2026-04-06,2026-04-20,,,1.15
AAPL,CASH_DIVIDEND,2026-05-11,2026-05-25,,,0.25
XOM,CASH_DIVIDEND,2026-05-13,2026-05-27,,,0.95
MSFT,CASH_DIVIDEND,2026-05-15,2026-05-29,,,0.83
SPY,CASH_DIVIDEND,2026-06-22,2026-07-06,,,1.70
