id,work_package,design_ref,code_ref,test_ref,status,evidence
FR-001,WP1,Master §5; docs/ARCHITECTURE.md,,,Not Started,
FR-002,WP1,Master §5; docs/ARCHITECTURE.md,,,Not Started,
FR-003,WP1,Master §5; docs/ARCHITECTURE.md,,,Not Started,
FR-004,WP1,Master §5; docs/ARCHITECTURE.md,,,Not Started,
FR-010,WP3,Master §5; docs/ARCHITECTURE.md,,,Not Started,
FR-011,WP3,Master §5; docs/ARCHITECTURE.md,,,Not Started,
FR-012,WP3,Master §5; docs/ARCHITECTURE.md,,,Not Started,
FR-013,WP3,Master §5; docs/ARCHITECTURE.md,,,Not Started,
FR-014,WP3,Master §5; docs/ARCHITECTURE.md,,,Not Started,
FR-015,WP3,Master §5; docs/ARCHITECTURE.md,,,Not Started,
FR-020,WP2,Master §5; docs/ARCHITECTURE.md,,,Not Started,
FR-021,WP2,Master §5; docs/ARCHITECTURE.md,,,Not Started,
FR-022,WP2,Master §5; docs/ARCHITECTURE.md,,,Not Started,
FR-023,WP2,Master §5; docs/ARCHITECTURE.md,,,Not Started,
FR-024,WP2,Master §5; docs/ARCHITECTURE.md,,,Not Started,
FR-025,WP2,Master §5; docs/ARCHITECTURE.md,,,Not Started,
FR-030,WP8,Master §5; docs/ARCHITECTURE.md,,,Not Started,
FR-031,WP8,Master §5; docs/ARCHITECTURE.md,,,Not Started,
FR-032,WP8,Master §5; docs/ARCHITECTURE.md,,,Not Started,
FR-033,WP8,Master §5; docs/ARCHITECTURE.md,,,Not Started,
FR-034,WP8,Master §5; docs/ARCHITECTURE.md,,,Not Started,
FR-035,WP8,Master §5; docs/ARCHITECTURE.md,,,Not Started,
FR-036,WP8,Master §5; docs/ARCHITECTURE.md,,,Not Started,
FR-037,WP8,Master §5; docs/ARCHITECTURE.md,,,Not Started,
FR-040,WP4,Master §5; docs/ARCHITECTURE.md,,,Not Started,
FR-041,WP4,Master §5; docs/ARCHITECTURE.md,,,Not Started,
FR-042,WP4,Master §5; docs/ARCHITECTURE.md,,,Not Started,
FR-043,WP4,Master §5; docs/ARCHITECTURE.md,,,Not Started,
FR-044,WP4,Master §5; docs/ARCHITECTURE.md,,,Not Started,
FR-045,WP4,Master §5; docs/ARCHITECTURE.md,,,Not Started,
FR-046,WP4,Master §5; docs/ARCHITECTURE.md,,,Not Started,
FR-047,WP4,Master §5; docs/ARCHITECTURE.md,,,Not Started,
FR-050,WP5,Master §5; docs/ARCHITECTURE.md,,,Not Started,
FR-051,WP5,Master §5; docs/ARCHITECTURE.md,,,Not Started,
FR-052,WP5,Master §5; docs/ARCHITECTURE.md,,,Not Started,
FR-053,WP5,Master §5; docs/ARCHITECTURE.md,,,Not Started,
FR-054,WP5,Master §5; docs/ARCHITECTURE.md,,,Not Started,
FR-055,WP5,Master §5; docs/ARCHITECTURE.md,,,Not Started,
FR-060,WP6,Master §5; docs/ARCHITECTURE.md,,,Not Started,
FR-061,WP6,Master §5; docs/ARCHITECTURE.md,,,Not Started,
FR-062,WP6,Master §5; docs/ARCHITECTURE.md,,,Not Started,
FR-063,WP6,Master §5; docs/ARCHITECTURE.md,,,Not Started,
FR-064,WP6,Master §5; docs/ARCHITECTURE.md,,,Not Started,
FR-065,WP6,Master §5; docs/ARCHITECTURE.md,,,Not Started,
FR-066,WP6,Master §5; docs/ARCHITECTURE.md,,,Not Started,
FR-070,WP7,Master §5; docs/ARCHITECTURE.md,,,Not Started,
FR-071,WP7,Master §5; docs/ARCHITECTURE.md,,,Not Started,
FR-072,WP7,Master §5; docs/ARCHITECTURE.md,,,Not Started,
FR-073,WP7,Master §5; docs/ARCHITECTURE.md,,,Not Started,
FR-074,WP7,Master §5; docs/ARCHITECTURE.md,,,Not Started,
FR-075,WP7,Master §5; docs/ARCHITECTURE.md,,,Not Started,
FR-080,WP3,Master §5; docs/ARCHITECTURE.md,,,Not Started,
FR-081,WP3,Master §5; docs/ARCHITECTURE.md,,,Not Started,
FR-082,WP3,Master §5; docs/ARCHITECTURE.md,,,Not Started,
FR-083,WP3,Master §5; docs/ARCHITECTURE.md,,,Not Started,
FR-084,WP3,Master §5; docs/ARCHITECTURE.md,,,Not Started,
FR-085,WP3,Master §5; docs/ARCHITECTURE.md,,,Not Started,
FR-090,WP6,Master §5; docs/ARCHITECTURE.md,,,Not Started,
FR-091,WP6,Master §5; docs/ARCHITECTURE.md,,,Not Started,
FR-092,WP6,Master §5; docs/ARCHITECTURE.md,,,Not Started,
FR-093,WP6,Master §5; docs/ARCHITECTURE.md,,,Not Started,
FR-094,WP6,Master §5; docs/ARCHITECTURE.md,,,Not Started,
FR-100,WP6/WP10,Master §5; docs/ARCHITECTURE.md,,,Not Started,
FR-101,WP6/WP10,Master §5; docs/ARCHITECTURE.md,,,Not Started,
FR-102,WP6/WP10,Master §5; docs/ARCHITECTURE.md,,,Not Started,
FR-103,WP6/WP10,Master §5; docs/ARCHITECTURE.md,,,Not Started,
FR-104,WP6/WP10,Master §5; docs/ARCHITECTURE.md,,,Not Started,
FR-105,WP6/WP10,Master §5; docs/ARCHITECTURE.md,,,Not Started,
FR-110,WP0-WP10,Master §5; docs/ARCHITECTURE.md,,,Not Started,
FR-111,WP10,Master §5; docs/ARCHITECTURE.md,,,Not Started,
FR-112,WP10,Master §5; docs/ARCHITECTURE.md,,,Not Started,
FR-113,WP0-WP11,Master §5; docs/ARCHITECTURE.md,,,Not Started,
NFR-001,WP0,Master §6; docs/ARCHITECTURE.md,,,Not Started,
NFR-002,WP0/WP3,Master §6; docs/ARCHITECTURE.md,,,Not Started,
NFR-003,WP9,Master §6; docs/ARCHITECTURE.md,,,Not Started,
NFR-004,WP0/WP1,Master §6; docs/ARCHITECTURE.md,,,Not Started,
NFR-005,WP9,Master §6; docs/ARCHITECTURE.md,,,Not Started,
NFR-006,WP6,Master §6; docs/ARCHITECTURE.md,,,Not Started,
NFR-007,WP6,Master §6; docs/ARCHITECTURE.md,,,Not Started,
NFR-008,WP3/WP10,Master §6; docs/ARCHITECTURE.md,,,Not Started,
NFR-009,WP9,Master §6; docs/ARCHITECTURE.md,,,Not Started,
NFR-010,WP0,Master §6; docs/ARCHITECTURE.md,,,Not Started,
NFR-011,WP0/WP11,Master §6; docs/ARCHITECTURE.md,,,Not Started,
NFR-012,WP0,Master §6; docs/ARCHITECTURE.md,,,Not Started,
MS-01,WP11,Master §17 mandatory scenarios; docs/ARCHITECTURE.md,,,Not Started,
MS-02,WP11,Master §17 mandatory scenarios; docs/ARCHITECTURE.md,,,Not Started,
MS-03,WP11,Master §17 mandatory scenarios; docs/ARCHITECTURE.md,,,Not Started,
MS-04,WP11,Master §17 mandatory scenarios; docs/ARCHITECTURE.md,,,Not Started,
MS-05,WP11,Master §17 mandatory scenarios; docs/ARCHITECTURE.md,,,Not Started,
MS-06,WP11,Master §17 mandatory scenarios; docs/ARCHITECTURE.md,,,Not Started,
MS-07,WP11,Master §17 mandatory scenarios; docs/ARCHITECTURE.md,,,Not Started,
MS-08,WP11,Master §17 mandatory scenarios; docs/ARCHITECTURE.md,,,Not Started,
MS-09,WP11,Master §17 mandatory scenarios; docs/ARCHITECTURE.md,,,Not Started,
MS-10,WP11,Master §17 mandatory scenarios; docs/ARCHITECTURE.md,,,Not Started,
MS-11,WP11,Master §17 mandatory scenarios; docs/ARCHITECTURE.md,,,Not Started,
MS-12,WP11,Master §17 mandatory scenarios; docs/ARCHITECTURE.md,,,Not Started,
MS-13,WP11,Master §17 mandatory scenarios; docs/ARCHITECTURE.md,,,Not Started,
MS-14,WP11,Master §17 mandatory scenarios; docs/ARCHITECTURE.md,,,Not Started,
MS-15,WP11,Master §17 mandatory scenarios; docs/ARCHITECTURE.md,,,Not Started,
MS-16,WP11,Master §17 mandatory scenarios; docs/ARCHITECTURE.md,,,Not Started,
MS-17,WP11,Master §17 mandatory scenarios; docs/ARCHITECTURE.md,,,Not Started,
MS-18,WP11,Master §17 mandatory scenarios; docs/ARCHITECTURE.md,,,Not Started,
MS-19,WP11,Master §17 mandatory scenarios; docs/ARCHITECTURE.md,,,Not Started,
MS-20,WP11,Master §17 mandatory scenarios; docs/ARCHITECTURE.md,,,Not Started,
MS-21,WP11,Master §17 mandatory scenarios; docs/ARCHITECTURE.md,,,Not Started,
RG-01,WP11,Master §17 release gates; docs/ARCHITECTURE.md,,,Not Started,
RG-02,WP11,Master §17 release gates; docs/ARCHITECTURE.md,,,Not Started,
RG-03,WP11,Master §17 release gates; docs/ARCHITECTURE.md,,,Not Started,
RG-04,WP11,Master §17 release gates; docs/ARCHITECTURE.md,,,Not Started,
RG-05,WP11,Master §17 release gates; docs/ARCHITECTURE.md,,,Not Started,
RG-06,WP11,Master §17 release gates; docs/ARCHITECTURE.md,,,Not Started,
RG-07,WP11,Master §17 release gates; docs/ARCHITECTURE.md,,,Not Started,
RG-08,WP11,Master §17 release gates; docs/ARCHITECTURE.md,,,Not Started,
RG-09,WP11,Master §17 release gates; docs/ARCHITECTURE.md,,,Not Started,
